platform,product_id,product_name,category,brand_name,review_count,avg_rating,n_negative,n_neutral,n_positive
coupang,104138,"올리세 퓨어 워터 미스트, 300ml, 1개",미스트,,298,4.5134228187919465,28,2,268
coupang,1067325796,"키스미 히로인메이크 롱앤컬 마스카라 EX 6g, 딥블랙, 1개쿠폰할인",마스카라,,299,4.622073578595318,23,0,276
coupang,1103663915,"닥터지 레드 블레미쉬 포 맨 올인원 플루이드, 150ml, 1개",화장품,,302,4.605960264900662,25,0,277
coupang,110881849,"아이섀도우 팔레트 데일리 음영 메이크업 갈색 계열, 01 NO.1 베이직브라운, 1개",아이섀도,,137,4.036496350364963,27,4,106
coupang,112291268,"미샤 4D 마스카라 7g, 블랙, 1개",마스카라,,290,4.6482758620689655,22,2,266
coupang,1162973598,"미샤 듀이 루즈 립스틱, 1개, 슬로잉코랄",립스틱,,295,4.579661016949153,22,4,269
coupang,11745907,"HERA본사 정품헤라 선메이트 레포츠 프로 워터프루프 선크림 SPF50+ PA++++, 70ml, 1개R.L",선크림,,20,1.0,20,0,0
coupang,1176713569,"일리윤 히알루론 모이스춰 수분크림, 100ml, 1개",스킨케어,,321,4.641744548286605,25,0,296
coupang,1176905430,"바세린 보습 시트 마스크, 1개입, 10개",마스크팩,,280,4.753571428571429,12,3,265
coupang,119460027,"마녀공장 허브 클렌징 오일, 200ml, 1개",클렌징오일,,275,4.607272727272727,18,3,254
coupang,12379102,"메디플라워 콜라겐 링클 아이크림, 40ml, 5개",아이크림,,272,4.5588235294117645,18,5,249
coupang,1258863953,"에이트루 오리진 퓨어 밸런싱 클렌징 오일, 300ml, 1개",클렌징오일,,221,4.542986425339366,18,3,200
coupang,1262503387,"예화담 환생고 화윤 기초화장품 2종 세트, 1세트",화장품,,30,4.5,3,1,26
coupang,1315767279,"한스킨 세미매트 블레미쉬 커버 컨실 쿠션파운데이션 본품 11g + 리필 11g, N21 크림, 1개",쿠션팩트,,250,4.704,18,1,231
coupang,1322900613,"라퓨레브 달팽이 아이크림, 3개, 100ml쿠폰할인",아이크림,,44,4.681818181818182,2,0,42
coupang,1329432073,"앰플엔 센텔카밍샷 앰플, 100ml, 1개",세럼,,160,4.69375,9,1,150
coupang,136124456,"에스엔 스킨 티 크림, 1개, 50ml할인· 1일 남음",수분크림,,151,4.894039735099338,1,1,149
coupang,1362079507,"토니모리 더블니즈 팡팡 마스카라 12g, 3호 롱롱래쉬, 1개",마스카라,,255,4.568627450980392,20,3,232
coupang,1370411548,"더샘 스튜디오 광채 파운데이션 10ml, 1개, 뉴트럴 21호쿠폰할인",파운데이션,,272,4.5625,18,2,252
coupang,1380190995,"fmgt 워터프루프 이엑스 쿠션파운데이션 15g, V203 내추럴 베이지, 1개",쿠션팩트,,58,4.431034482758621,7,0,51
coupang,1384189358,"더페이스샵 골드 콜라겐 볼륨마스카라 12g, 1개",마스카라,,160,4.50625,17,3,140
coupang,1388107966,"수려한 연 퍼펙트 커버 BB크림 SPF50+ PA+++, 50ml, 1개",BB크림,,52,4.711538461538462,2,0,50
coupang,13894586,"아미옥 러브핏 휘핑립스 립틴트, 12포근한맛, 2개할인",립틴트,,130,3.723076923076923,36,8,86
coupang,1414809213,"라운드랩 독도 토너, 500ml, 1개",토너,,279,4.577060931899641,28,0,251
coupang,1423124805,"차앤박 톤 업 프로텍션 선크림 SPF42 PA+++, 50ml, 1개",선크림,,287,4.585365853658536,24,2,261
coupang,1459876591,"은율 데일리 케어 히알루론산 미스트, 100ml, 3개",미스트,,144,4.618055555555555,11,2,131
coupang,1473062788,"닥터지 그린 마일드 업 선 플러스 SPF50+ PA++++, 35ml, 2개",선크림,,301,4.6245847176079735,25,0,276
coupang,1485734813,"브이디엘 엑스퍼트 퍼펙트 핏 쿠션 본품 15g + 리필 15g 세트, A02, 1개",쿠션팩트,,98,4.622448979591836,5,3,90
coupang,15391154,"머지 더 퍼스트 립스틱, 1개, L5KISSME",립스틱,,299,4.521739130434782,26,1,272
coupang,1547725003,"미샤 데어 루즈 쉬어 슬릭 립스틱, 1개, 올댓로즈",립스틱,,232,4.551724137931035,17,2,213
coupang,1556632809,"라운드랩 1025 독도 클렌저 클렌징 폼, 150ml, 1개",클렌징폼,,215,4.465116279069767,27,1,187
coupang,1570828403,"미바 이온칼슘 더블 알엑스 쿠션 파운데이션 본품 25g + 리필 25g 2p, 21호 화사한피부, 1개33",쿠션팩트,,276,4.576086956521739,24,0,252
coupang,1572958261,"크리스마 더마랩 약산성 수분 진정 토너, 500ml, 1개",토너,,321,4.632398753894081,29,1,291
coupang,1601751188,"미샤 글로우 스킨밤 투 고 미스트, 80ml, 1개",미스트,,263,4.775665399239544,9,2,252
coupang,1601751214,"[2입기획] 미샤 수퍼 아쿠아 울트라 히알론 클렌징 폼, 200ml, 2개",클렌징폼,,305,4.698360655737705,21,0,284
coupang,1605923161,"미샤 비타씨플러스 안색 토너, 200ml, 1개",토너,,113,4.646017699115045,4,1,108
coupang,1633597923,"에뛰드 더블래스팅 리퀴드 파운데이션 30g, 1개, 뉴트럴베이지",파운데이션,,91,3.78021978021978,26,1,64
coupang,1665858959,"미샤 래디언스 퍼펙트핏 쿠션 15g, 23호 샌드, 1개",쿠션팩트,,309,4.524271844660194,28,2,279
coupang,1688766354,"AHC 허브 솔루션 레몬 토너, 500ml, 1개",토너,,82,3.597560975609756,27,1,54
coupang,1688783769,"AHC 허브 솔루션 알로에 베라 토너, 500ml, 1개할인",스킨케어,,94,4.159574468085107,19,0,75
coupang,1688789528,"AHC 허브 솔루션 로즈 토너, 500ml, 1개",스킨케어,,87,3.8850574712643677,23,0,65
coupang,1688789528,"AHC 허브 솔루션 로즈 토너, 500ml, 1개",토너,,1,5.0,23,0,65
coupang,1706630764,"포니이펙트 커버스테이 쿠션 파운데이션 EX 본품 15g + 리필 15g 세트, 002 내추럴아이보리, 1개4",쿠션팩트,,259,4.61003861003861,23,0,236
coupang,1709804443,"더하르나이 시카이드 크림 미스트, 120ml, 1개",미스트,,29,4.724137931034483,1,0,28
coupang,1711131706,"끌레드벨 글로우파워 리프트 브이 쿠션 파운데이션 리필 13g, 21호, 2개",쿠션팩트,,187,4.663101604278075,8,4,175
coupang,1712348180,"블랑네이처 여드름기능성 클렌징폼, 150ml, 1개",클렌징폼,,236,4.61864406779661,18,6,212
coupang,175307932,"머지 더 퍼스트 벨벳 립 틴트, V11 상하이 레드, 1개",립틴트,,289,4.380622837370242,34,3,252
coupang,1758098717,"미샤 노 리터치 보정 마스카라 9.5g, 투명, 1개",마스카라,,262,4.530534351145038,21,2,239
coupang,177283535,"은율 달팽이 인텐시브 페이셜 케어 아이크림, 40ml, 3개",아이크림,,231,4.653679653679654,10,5,216
coupang,1776164694,"아비브 어성초 에센스 카밍펌프, 50ml, 1개",세럼,,36,4.611111111111111,2,1,33
coupang,18114848,"토니모리 루미너스 여신광채 비비크림 SPF37 PA++, 1호 화사한 베이지, 45g, 1개",BB크림,,301,4.584717607973422,26,0,275
coupang,1814412512,"롬앤 제로 매트 립스틱, 1개, 08어도러블",립스틱,,296,4.64527027027027,20,0,276
coupang,18359349,"에뛰드 하우스 순정 약산성 5.5 진정 토너, 350ml, 1개",토너,,111,4.009009009009009,27,0,84
coupang,1836727385,"정샘물 에센셜 스킨 누더 쿠션 파운데이션 14g + 리필 쿠션 14g 세트, 페어라이트, 1개",쿠션팩트,,310,4.596774193548387,27,0,283
coupang,18481065,"AHC 온리포맨 폼 클렌저, 140ml, 1개",클렌징폼,,56,4.5,7,0,49
coupang,188177334,"비타할로 미백수분 블랙 마스크팩 25ml, 1개입, 20개",마스크팩,,259,4.501930501930502,22,6,231
coupang,1906589195,"엠시피 1+1강력방수 글래머 볼륨 마스카라, 1개, 글래머 마스카라+스키니 마스카라할인",마스카라,,187,4.663101604278075,15,2,170
coupang,1951275570,"메디필 럭셔리 24k 골드 앰플, 100ml, 1개",세럼,,194,4.603092783505154,14,2,178
coupang,1952020502,"오휘 얼티밋 커버 쿠션 모이스쳐 본품 15g + 리필 15g, 1호 밀크 베이지, 1개",쿠션팩트,,198,4.505050505050505,16,2,180
coupang,1954900253,"은율 데일리케어 퓨어 버블 약산성 폼클렌징, 500ml, 1개",클렌징폼,,260,4.469230769230769,25,6,229
coupang,1977642434,"맥퀸뉴욕 페이크 업 3색 쉐딩 9g, 그레이브라운, 1개",화장품,,230,4.317391304347826,30,2,198
coupang,1981739387,"라운드랩 1025 독도 미스트, 150ml, 1개",미스트,,62,4.5,8,0,54
coupang,198325718,"더페이스샵 미감수 브라이트 리치 클렌징오일, 150ml, 1개",클렌징오일,,283,4.6007067137809186,24,3,256
coupang,199944262,"치카이치코 원픽 스키니카라 마스카라 3g, 01픽싱볼륨, 1개",마스카라,,265,4.433962264150943,32,1,232
coupang,202199369,"은율 내츄럴 아보카도 마스크팩, 1개입, 200개",마스크팩,,31,4.225806451612903,4,1,26
coupang,2032659522,"라운드랩 1025 독도 수분 워터겔 마스크 30ml, 1개입, 10개",마스크팩,,114,4.254385964912281,23,0,91
coupang,2032659726,"라운드랩 1025 독도 앰플, 45g, 1개",세럼,,58,4.551724137931035,7,0,51
coupang,2032659955,"라운드랩 1025 독도 아이크림, 30ml, 1개",아이크림,,50,4.64,4,0,46
coupang,2034246304,"이니스프리 블랙티 유스 앰플, 50ml, 1개",세럼,,47,4.0212765957446805,12,0,35
coupang,2040431864,"바닐라코 클린 잇 제로 폼 클렌저, 150ml, 2개",클렌징폼,,215,4.813953488372093,8,0,207
coupang,2044677790,"이니스프리 블랙티 유스 인핸싱 크림, 50ml, 1개쿠폰할인",나이트크림,,88,4.636363636363637,7,0,81
coupang,2055615820,"3W클리닉 콜라겐 파운데이션 50ml, 23호 내추럴베이지, 1개",파운데이션,,177,4.220338983050848,28,5,144
coupang,209380961,"네이처리퍼블릭 온라인 전용 불가리안 로즈 스킨케어 스페셜세트, 1세트",화장품,,142,4.450704225352113,11,5,126
coupang,2121815288,"더페이스샵 신선한 제주 알로에 수딩 클렌징 폼, 150ml, 1개",클렌징폼,,290,4.686206896551724,17,4,269
coupang,2127397111,"코스알엑스 풀핏 프로폴리스 라이트 앰플, 30ml, 1개",세럼,,174,4.764367816091954,4,5,165
coupang,2161916673,"달바 화이트 트러플 리턴 오일 크림 클렌저, 160ml, 2개",클렌징오일,,72,4.569444444444445,7,0,65
coupang,2175181517,"이즈앤트리 히아루론산 워터 미스트, 100ml, 1개",미스트,,50,4.94,0,0,50
coupang,217888999,"셀리맥스 베이킹 소다 딥 포어 지우개 폼 클렌징, 150ml, 1개",클렌징폼,,181,4.867403314917127,3,0,178
coupang,2183445,"한스킨 수퍼 쓰리 솔루션 비비크림 SPF35 PA++, 30ml, 1개",BB크림,,271,4.704797047970479,19,0,252
coupang,218405024,"티스 퍼펙트 오프 클렌징 오일, 230ml, 1개",클렌징오일,,257,4.754863813229572,9,4,244
coupang,2196757,"바디판타지 프래그런스 바디 스프레이 로맨스 앤 드림스, 236ml, 1개",미스트,,255,4.596078431372549,18,6,231
coupang,223116344,"롬앤 제로 벨벳틴트, 7호 피즈, 1개",립틴트,,228,4.421052631578948,26,0,202
coupang,228668089,"셀리맥스 헤드샷 오일, 150ml, 1개",클렌징오일,,239,4.380753138075314,27,2,210
coupang,2305829968,"AHC 마이크로 비타민 착붙 마스크 시트 33ml, 1개입, 10개",마스크팩,,34,4.764705882352941,2,0,32
coupang,230957534,"AHC 리뉴에이지 토탈 너리싱 토너, 130ml, 1개쿠폰할인",토너,,25,4.44,4,0,21
coupang,230957560,"AHC 아우라 시크릿 톤업 쿠션 SPF30 PA++, 15g, 1개",쿠션팩트,,38,3.3421052631578947,17,0,21
coupang,23594580,"더페이스샵 올오버 퍼퓸 미스트 03 원러브, 120ml, 1개",미스트,,97,4.597938144329897,6,4,87
coupang,238462476,"다슈 맨즈 아쿠아 딥 포텐 토너, 1개, 153ml",토너,,220,4.8136363636363635,3,1,216
coupang,241376670,"롬앤 베러 댄 아이즈 아이팔레트, N01말린버들꽃, 1개",아이섀도,,294,4.540816326530612,26,2,266
coupang,2512769,"은율 내추럴 모이스처 콜라겐 마스크팩, 1개입, 50개",마스크팩,,251,4.52191235059761,22,3,226
coupang,25214130,"이자녹스 에이지포커스 피토프로레티놀 익스트림 커버 쿠션 본품 + 리필 세트 15g, 21호, 1개할인",쿠션팩트,,208,4.543269230769231,16,3,189
coupang,2527906,"은율 내츄럴 모이스처 알로에 마스크팩, 50개입, 1개",마스크팩,,300,4.516666666666667,28,1,271
coupang,269495880,"셀리맥스 더 리얼 노니 에너지 앰플, 30ml, 1개쿠폰할인",세럼,,198,4.53030303030303,22,1,175
coupang,2707467,"키로코스 히아루론산 모이스춰 스킨, 1kg, 1개",토너,,93,3.7419354838709675,28,0,65
coupang,2740349,"(면세점제품) VANT36.5 승무원쿠션 광채물광 파운데이션팩트 미백 주름개선 진주쿠션, 라이트베이지 21호",쿠션팩트,,32,2.15625,24,0,8
coupang,2753888,"맥퀸뉴욕 러빙유 틴트 글로우 립밤, 러블리핑크, 3.5g, 1개",립스틱,,262,4.568702290076335,19,3,240
coupang,3161567,"더샘 커버 퍼펙션 팁 컨실러 6.5g, 1개, 내추럴 베이지",컨실러,,302,4.596026490066225,25,0,277
coupang,324191950,"아임미미 아임스틱 섀도우 섀도시머, 005 토프트링킷, 1개",아이섀도,,267,4.711610486891386,9,4,254
coupang,324194417,"이스프렌 매직아이솔루션 다크서클 아이크림, 20g, 1개할인",아이크림,,202,4.594059405940594,14,4,184
coupang,33171511,"미샤 트리플 아이섀도우 2g, 3호 모카 베이지, 1개",아이섀도,,285,4.494736842105263,30,0,255
coupang,339413894,"토니모리 원더 아쿠아 수분크림, 300ml, 1개",수분크림,,299,4.585284280936455,24,3,272
coupang,345571257,"머지 더 퍼스트 프루프 브로우 마스카라 3.5g, BM3카라멜, 1개",마스카라,,297,4.579124579124579,27,0,270
coupang,3656391,"히로인메이크 롱앤컬 어드밴스드 필름 마스카라 6g, 01딥블랙, 1개",마스카라,,245,4.404081632653061,28,4,213
coupang,37395956,"어스로하 대용량 카렌듈라 클렌징 오일, 500ml, 1개할인",클렌징오일,,238,4.130252100840337,44,4,190
coupang,37422114,"비욘드 엔젤 아쿠아 수분 진정 크림 기획 세트, 150ml, 2개",수분크림,,301,4.607973421926911,26,0,275
coupang,4328293260,"베리썸 마이 립 틴트 팩, 플럼 베리, 15g, 1개할인",립틴트,,262,4.484732824427481,16,8,238
coupang,4352455743,"에스트라 아토베리어 365 크림 미스트, 120ml, 1개",미스트,,290,4.620689655172414,25,0,265
coupang,4360502895,"이니스프리 애플 씨드 클렌징 오일, 150ml, 1개쿠폰할인",클렌징오일,,151,4.304635761589404,25,0,126
coupang,4399564751,"이자녹스 커버 수프림 리치 에센스 파운데이션 40ml, 1개, 21호",파운데이션,,70,4.714285714285714,2,0,68
coupang,4583248357,"본트리 베리 에센스 선블럭 SPF50+ PA++++, 50ml, 2개",선크림,,287,4.578397212543554,26,0,261
coupang,4604600911,"마녀공장 비피다 앰플 미스트, 120ml, 1개",미스트,,59,4.6440677966101696,3,1,55
coupang,46233412,"에스엔피 다이아몬드 브라이트닝 앰플 마스크, 10개입, 1개",마스크팩,,273,4.6996336996337,20,1,252
coupang,4730662719,"폴메디슨 옴므 올인원 비비크림 SPF 50+ PA+++ 60ml, 2개",BB크림,,305,4.583606557377049,29,0,276
coupang,47828238,"홀리카홀리카 굳세라 수퍼 세라마이드 미스트, 120ml, 1개",미스트,,270,4.644444444444445,12,5,253
coupang,4783932014,"엘렌실라 에스카르고 오리지날 슈퍼리페어 크림, 50g, 1개할인",나이트크림,,309,4.669902912621359,23,0,286
coupang,48028881,"메디플라워 곡물 페이셜 클렌징 폼, 150ml, 4개",클렌징폼,,306,4.594771241830065,27,1,278
coupang,48140322,"머지 더 퍼스트 아이섀도우, E7 엠마 피오니, 1개",아이섀도,,189,4.4603174603174605,24,1,164
coupang,4846590525,"셀퓨전씨 스킨 블레미쉬 밤 인텐시브 비비크림, 내추럴라이트, 30ml, 1개",BB크림,,195,4.435897435897436,23,0,172
coupang,4880173278,"닥터지 레드 블레미쉬 클리어 수딩 토너, 300ml, 1개",토너,,321,4.582554517133956,31,0,290
coupang,4881873546,"닥터지 레드 블레미쉬 포 맨 젠틀 클렌징 폼, 150ml, 1개",클렌징폼,,143,4.475524475524476,14,4,125
coupang,4881873573,"닥터지 브라이트닝 필링 젤 120g + 60g x 2p 기획세트, 1개",스킨케어,,293,4.67235494880546,23,0,270
coupang,4881873620,"닥터지 레드 블레미쉬 포 맨 멀티 수딩 토너, 200ml, 1개",토너,,28,4.821428571428571,0,0,28
coupang,4937734614,"미샤 수퍼 오프 클렌징 오일 블랙헤드 오프, 305ml, 1개",클렌징오일,,257,4.692607003891051,12,4,241
coupang,5018514077,"닥터하스킨 와이파인 페미닌 미스트, 30ml, 1개",미스트,,228,4.982456140350878,0,0,228
coupang,5030664449,"센텔리안24 마데카 인텐스 리프팅 아이크림, 15ml, 2개",아이크림,,162,4.666666666666667,5,2,155
coupang,5065206671,"라운드랩 독도 토너 500ml + 로션 200ml 세트, 1세트",스킨케어,,76,3.3947368421052633,30,0,46
coupang,5072290264,"더샘 힐링티가든 루이보스티 클렌징폼, 150ml, 3개할인",클렌징폼,,25,4.96,0,0,25
coupang,5166844155,"미샤 비타씨플러스 잡티씨 탄력앰플 20ml + 15ml, 35ml, 1개",세럼,,289,4.546712802768166,22,3,264
coupang,5269821290,"그레이스데이 콜라겐 마스크팩, 50개, 1개입할인",마스크팩,,61,4.622950819672131,3,1,57
coupang,5273142550,"메디힐 비타 토닝 에센스 마스크팩 20ml, 1개입, 15개",마스크팩,,289,4.633217993079585,22,0,267
coupang,5279789004,"포니이펙트 하이퍼 프로텍션 쿠션 파운데이션 15g, 002 내추럴 아이보리, 1개",쿠션팩트,,233,4.952789699570816,2,0,231
coupang,5306380483,"머지 무드핏 섀도우 팔레트, S2 조이플 코랄, 1개",아이섀도,,309,4.864077669902913,10,0,299
coupang,5313752908,"예화담 환생고 BB쿠션 본품 20g + 리필 20g, 21호 라이트 베이지, 1개",쿠션팩트,,31,4.354838709677419,3,2,26
coupang,5349613,"더페이스샵 라이스 앤 세라마이드 모이스처 토너, 150ml, 1개",토너,,25,4.84,0,1,24
coupang,5349692,"더페이스샵 석류 앤 콜라겐 볼륨탄력 에센스, 80ml, 1개",세럼,,62,4.693548387096774,2,0,60
coupang,5349693,"더 페이스샵 석류 엔 콜라겐 볼륨탄력 아이크림, 50ml, 1개",아이크림,,206,4.519417475728155,14,4,188
coupang,5349695,"더페이스샵 석류 엔 콜라겐 볼륨탄력 토너, 160ml, 1개",스킨케어,,106,4.537735849056604,6,2,98
coupang,5375159669,"토니모리 원더 히알루론산 촉촉 토너, 500ml, 1개",토너,,250,4.784,11,2,237
coupang,5455561252,"롬앤 한올 픽스 마스카라 7g, L02 롱 애쉬, 1개",마스카라,,209,4.588516746411483,17,0,192
coupang,5455824275,"하다라보 고쿠쥰 클렌징 오일, 200ml, 1개",클렌징오일,,163,4.5030674846625764,19,0,144
coupang,5455902399,"롬앤 베러 댄 팔레트, 03로즈버드가든, 1개",아이섀도,,264,4.53030303030303,26,0,238
coupang,5465527596,"아비브 아크네 폼 클렌저 어성초 폼, 150ml, 1개",클렌징폼,,184,4.646739130434782,9,5,170
coupang,5469412992,"에이지투웨니스 에센스 글로우 파운데이션 30ml, 21호, 1개",파운데이션,,24,4.625,1,1,22
coupang,5511214,"코리아나 발효 화이트닝 3종 세트, 1세트",화장품,,147,4.312925170068027,18,1,128
coupang,5523329,BEST AWARDS설명쿠팡,미스트,,296,4.597972972972973,23,0,273
coupang,55395044,"수려한 본 클렌징 폼, 160ml, 1개",클렌징폼,,24,4.958333333333333,0,0,24
coupang,5546142239,"록키스 포커스 온 링클 케어 아이크림, 40ml, 5개할인",아이크림,,289,4.896193771626297,5,0,284
coupang,5547480247,"한스킨 클렌징오일 앤 블랙헤드 BHA, 300ml, 1개",클렌징오일,,260,4.538461538461538,28,0,232
coupang,5690029804,"OBge 무드 체인지 립밤, 내추럴 레드(블루베리), 1개",립스틱,,290,4.758620689655173,17,0,273
coupang,5690029869,"OBge 씬 스틸 리퀴드 컨실러 5g, 1개, 미디엄베이지",컨실러,,169,4.923076923076923,3,0,166
coupang,5711267263,"디오프러스 매직 비비크림 SPF50+ PA+++, 21호 내추럴베이지, 60ml, 1개",BB크림,,267,4.685393258426966,14,2,251
coupang,5715573812,"토니모리 원더 히알루론산 촉촉 앰플, 100ml, 1개쿠폰할인",세럼,,263,4.7034220532319395,13,4,246
coupang,5856050815,"미샤 M 초보양 비비크림 SPF30 PA++, 21호화사한베이지, 50ml, 1개",BB크림,,317,4.61198738170347,25,0,292
coupang,6059734507,"비판톨 더마 리제너레이팅 나이트 페이스 크림, 50ml, 1개",나이트크림,,28,4.678571428571429,2,0,26
coupang,6069622517,"콰티 마이무드 벨벳립스틱 (8color), 1개, 무드 베일모브",립스틱,,179,4.078212290502793,38,6,135
coupang,6145211823,"AHC 바이탈 골든 콜라겐 크림, 50g, 1개",나이트크림,,190,4.526315789473684,21,0,169
coupang,6146620481,"웰라쥬 리얼 히알루로닉 블루 앰플, 100ml, 1개",세럼,,279,4.612903225806452,24,0,255
coupang,6163332282,"프레티 약산성 히알루로닉 클렌징오일, 200ml, 1개",클렌징오일,,285,4.56140350877193,26,2,257
coupang,6247847833,"에뛰드 수분가득 콜라겐 인텐스 아이크림, 40ml, 1개할인",수분크림,,27,4.666666666666667,0,0,27
coupang,6248879245,"에스트라 테라크네365 클리어 딥 클렌징 폼, 200g, 1개",클렌징폼,,274,4.759124087591241,14,0,260
coupang,6259990836,"에스트라 아토베리어365 젠틀 포밍클렌저, 150ml, 1개",클렌징폼,,299,4.789297658862877,13,1,285
coupang,6271203582,"마녀공장 퓨어 앤 딥 클렌징 폼, 160ml, 1개",클렌징폼,,314,4.60828025477707,27,0,287
coupang,6285329449,"아임미미 컬러패턴 아이섀도우 팔레트, 001 코랄패턴, 1개",아이섀도,,287,4.7595818815331015,16,1,270
coupang,6342472201,"스피큘엑스 밀착 커버 비비크림 컨실러 재생 비비 유플러스 BB 크림 남여 공용, 50ml, 2개",BB크림,,318,4.7075471698113205,22,0,296
coupang,6407907237,"닥터지 에이클리어 밸런싱 토너, 200ml, 1개",토너,,98,4.86734693877551,1,0,97
coupang,6408123314,"AHC 슈프림 리얼 아이크림 포 페이스, 30ml, 2개쿠폰할인",아이크림,,128,4.203125,24,0,104
coupang,6412654612,"라곰 셀러스 선 젤 플러스 + 마이크로 폼 30mL 1p SPF50+ PA++++, 40ml, 4개할인",선크림,,239,4.903765690376569,6,0,233
coupang,6424552415,"다슈 맨즈 퍼펙트 커버 컨실러 2.2g, 24호, 1개",컨실러,,195,4.574358974358974,12,5,178
coupang,6451006730,"한스킨 세븐레이어 세라마이드 크림, 1개, 70ml할인",수분크림,,70,4.942857142857143,1,0,69
coupang,6460642556,"AHC 리뉴에이지 토탈 4종 + 아이크림 20ml 기프트 세트, 1세트",화장품,,79,3.5949367088607596,27,0,52
coupang,6482719156,"미샤 데이 바이브 팔레트 3g, 1호 베이지 모션, 1개할인",아이섀도,,23,4.6521739130434785,1,2,20
coupang,6492007298,"피지오겔 데일리 모이스쳐 테라피 페이셜 크림, 75ml, 1개",나이트크림,,313,4.594249201277956,30,0,283
coupang,6495688014,"마녀공장 파데프리 선크림 SPF50+ PA++++, 50ml, 1개",선크림,,293,4.535836177474403,24,5,264
coupang,6511962045,"[1+1] 페리페라 더블 롱웨어 커버 컨실러, 페어, 2개할인· 05:17:",컨실러,,221,4.574660633484163,10,7,204
coupang,6518424241,"더마팩토리 레티날 1000ppm 나이트 크림, 30ml, 1개",나이트크림,,175,4.742857142857143,5,4,166
coupang,6543627791,"닥터지 레드 블레미쉬 시카 토너 200ml + 로션 150ml 2종 세트, 1세트",화장품,,261,4.724137931034483,14,1,246
coupang,6583267316,"ELT 비타유스 비타민C 기미 잡티 항산화 투명광채 토닝세럼 플러스, 1개, 50ml",화장품,,246,4.784552845528455,9,5,232
coupang,6598003859,"라운드랩 1025 독도 선크림 SPF 50+ PA++++, 50ml, 2개",선크림,,82,4.012195121951219,20,0,62
coupang,6612541997,"머지 마이크로 픽싱 롱 래쉬 마스카라 9ml, MM1 블랙, 1개",마스카라,,237,4.708860759493671,17,0,220
coupang,6612541999,"머지 마이크로 픽싱 볼륨 컬링 마스카라 9ml, MM2 블랙, 1개",마스카라,,234,4.811965811965812,10,0,224
coupang,6633183483,"닥터지 약산성 클렌징 젤 폼, 200ml, 2개",클렌징오일,,287,4.588850174216028,25,0,262
coupang,6641056251,BEST AWARDS설명쿠팡,화장품,,159,4.29559748427673,27,0,132
coupang,6734573888,비버리힐스폴로클럽 블루옴므 스킨2개+로션1개 3종 1세트 남성스킨로션 선물세트 패키지할인,화장품,,151,4.596026490066225,8,1,142
coupang,6745719850,"바닐라코 비바이바닐라 무드 온 아이 팔레트, 05 뮤트 마인드, 1개",아이섀도,,154,4.85064935064935,5,0,149
coupang,6768542164,"라벨영 쇼킹잘때꼭바르는크림, 100g, 1개",나이트크림,,94,4.648936170212766,5,4,85
coupang,6824905258,"토니모리 더쇼킹 컬러 픽싱 스틱 섀도우, 04 밀키화이트, 1개할인",아이섀도,,76,4.447368421052632,7,0,69
coupang,6838552098,"토니모리 원더 세라마이드 모찌 토너, 500ml, 1개",토너,,315,4.609523809523809,27,0,288
coupang,6842777459,"시슨드시 백탁없는 밀림없는 끈적임없는 바다를 살리는 선크림 SPF50+ PA++++, 50g, 1개쿠폰할인·",선크림,,301,4.700996677740863,21,1,279
coupang,6885210881,"데이지크 쥬시 듀이 틴트, 07체리소다, 1개",립틴트,,267,4.659176029962547,19,0,248
coupang,6908305406,"달바 화이트 트러플 수프림 인텐시브 세럼 100ml 2개+ 50ml 2개+젤클렌저 3ml x 5개 세트, 1",스킨케어,,228,4.868421052631579,3,2,223
coupang,6911104965,"미샤 타임 레볼루션 나이트 리페어 앰플 크림 5X, 50ml, 1개",나이트크림,,215,4.734883720930233,6,4,205
coupang,6935965567,"AHC 텐 레볼루션 리얼 아이크림 포 페이스, 35ml, 1개",아이크림,,216,4.569444444444445,20,0,196
coupang,6960096466,"더페이스샵 몰랑이 뉴 볼드 쉬어 글로우 립스틱, 1개, 02 생기몰랑할인",립스틱,,42,4.5476190476190474,5,0,37
coupang,6965145129,"루나 롱래스팅 팁 컨실러 픽싱핏 7.5g, 1개, 1호 바닐라쿠폰할인",컨실러,,232,4.801724137931035,4,4,224
coupang,7043952238,"아이오페 히아루로닉 스페셜 2종 세트, 1세트",화장품,,273,4.673992673992674,17,2,254
coupang,7047325146,"비레디 블루 파운데이션 35ml, 3호 제프리, 1개",파운데이션,,201,4.72636815920398,10,1,190
coupang,7072758580,"홀리카홀리카 마이페이브 무드 아이 팔레트, 12 폴인오트, 1개할인· 14:32:",아이섀도,,265,4.728301886792453,11,3,251
coupang,7072857075,"닥터지 레드 블레미쉬 밸런싱 에센스 플루이드, 150ml, 1개",세럼,,104,4.961538461538462,0,0,104
coupang,7088724221,"닥터지 블랙 스네일 프레스티지 기초화장품 4종 세트, 1세트",화장품,,243,4.744855967078189,9,0,234
coupang,7093360467,"에스네이처 아쿠아 오아시스 토너, 300ml, 2개",토너,,131,4.717557251908397,7,1,123
coupang,7127065235,"지아자 산양유 나이트크림, 50ml, 1개",나이트크림,,153,4.764705882352941,5,2,146
coupang,7144144379,"[비건뷰티] 비플레인 녹두 약산성 클렌징폼, 80ml, 1개",클렌징폼,,301,4.591362126245847,28,0,273
coupang,7166913299,더마팩토리 나이아신아마이드,세럼,,315,4.641269841269842,26,0,289
coupang,7167507394,"닥터자르트 시카페어 페이셜 카밍 미스트, 150ml, 1개",미스트,,233,4.472103004291846,27,1,205
coupang,7180745785,"HERA본사 정품헤라 실키 스테이 24H 롱웨어 파운데이션 SPF20 PA++ 30g, 1개, 21N1바닐라",파운데이션,,23,1.391304347826087,23,0,0
coupang,7193924016,"미샤 하이커버 스테이 스틱 컨실러 2.8g, 23호 샌드, 1개",컨실러,,146,4.376712328767123,19,1,126
coupang,7198926637,"코스노리 퍼펙트 세팅 워터프루프 롱앤컬 마스카라 7ml, 03 로지 브라운, 1개",마스카라,,269,4.557620817843866,23,5,241
coupang,7204376799,"네이처리퍼블릭 프로방스 에어 스킨 핏 원데이 래스팅 파운데이션 32ml, 1개, P21로지바닐라",파운데이션,,250,4.472,17,5,228
coupang,7212295836,"바닐라코 커버리셔스 파워 핏 파운데이션 30ml, 1개, 21 아이보리",파운데이션,,123,4.121951219512195,25,0,98
coupang,7214805551,"에스트라 더마UV365 장벽수분 무기자차 선크림 SPF50+ PA++++, 40ml, 1개",선크림,,297,4.7272727272727275,17,0,280
coupang,7216347632,"나드 리바이탈라이징 펩타이드 아이크림, 180ml, 1개",아이크림,,284,4.623239436619718,26,1,257
coupang,7216505540,"메이블린 뉴욕 스카이 하이 마스카라 8.6ml, 블랙, 1개할인",마스카라,,93,4.580645161290323,6,0,87
coupang,7228061393,"머지 유어 루틴 아이 팔레트 12.3g, LAVENDER BREEZE, 1개",아이섀도,,130,4.153846153846154,26,0,104
coupang,7232503577,"AHC 마스터즈 아쿠아 리치 선크림 SPF50+ PA++++, 50ml, 2개",선크림,,118,4.466101694915254,17,0,101
coupang,7240689331,"시세이도 스팟 커버 파운데이션 20g, S100, 1개",컨실러,,273,4.556776556776557,22,2,249
coupang,7255622412,"무칸 옴므 내츄럴 커버 비비크림 50ml, 내추럴, 1개할인",BB크림,,229,4.554585152838428,13,8,208
coupang,7261408597,"닥터지 약산성 레드 블레미쉬 클리어 수딩 폼, 200ml, 1개",클렌징폼,,303,4.603960396039604,26,1,276
coupang,7262727935,"HERA본사 정품헤라 센슈얼 누드 립글로스, 422란제리, 1개R.LUX혜택",립스틱,,25,1.2,25,0,0
coupang,7265787558,"닥터지 레드 블레미쉬 시카 클렌징 폼, 120ml, 1개",클렌징폼,,32,4.53125,4,0,28
coupang,7305618218,"에스트라 테라크네365 액티브 세럼, 30ml, 1개",세럼,,56,4.75,1,0,55
coupang,7317084222,"동국제약 마데카 더마 마스크팩3 인텐시브 포뮬러, 10개입, 3개",마스크팩,,279,4.709677419354839,12,3,264
coupang,7344992433,"지베르니 밀착 커버 파운데이션, 1개, 21NW.라이트베이지",파운데이션,,302,4.602649006622516,23,1,278
coupang,7345667324,"CNP차앤박 프로폴리스 앰플 미스트, 250ml, 2개",미스트,,281,4.6263345195729535,24,0,257
coupang,7355823388,"수려한 보윤 기초화장품 2종세트, 1세트",화장품,,270,4.685185185185185,19,1,250
coupang,7357724827,"클리오 크리스탈 글램 틴트, 001 빈티지 애플, 1개할인",립틴트,,244,4.733606557377049,10,0,234
coupang,7375699602,"바디판타지 트와일라잇 미스트 프래그런스 바디 스프레이 플로럴, 94ml, 1개",미스트,,254,4.716535433070866,11,5,238
coupang,7403222365,"그라펜 트리플립 남성 립밤, 컬러립, 1개",립스틱,,192,4.4375,25,0,167
coupang,7410643472,"리엑셀 달팽이 콜라겐 마스크팩 시트, 미백20장+주름20장 총 40장, 1개, 40개입할인",마스크팩,,300,4.803333333333334,10,0,290
coupang,7442659164,"비플레인 녹두 클렌징 오일 기획세트, 240ml, 1개",클렌징오일,,182,4.428571428571429,23,1,158
coupang,7494776668,"닥터지 레드 블레미쉬 포 맨 오일 컷 로션 올인원, 150ml, 2개",스킨케어,,195,4.779487179487179,8,2,185
coupang,7525760486,"닥터지 블랙 스네일 토너 150ml + 에멀전 150ml 스페셜 2종 세트, 1세트",화장품,,262,4.652671755725191,20,0,242
coupang,7576452609,"설화수 NEW자음2종EX 세트(25년신형)백화점동일상품, 1세트",화장품,,157,4.343949044585988,25,0,132
coupang,7583823319,"웰라쥬 리얼 히알루로닉 100 토너, 200ml, 2개",토너,,72,4.694444444444445,5,0,67
coupang,7591801608,"에스트라 리제덤365 밀도탄력 캡슐크림, 50ml, 1개",나이트크림,,65,4.923076923076923,1,0,64
coupang,7615321389,"바디판타지 프레시 화이트 머스크 프레그런스 바디미스트 236ml + 29ml, 1세트",미스트,,256,4.53125,20,8,228
coupang,7615592402,"롬앤 더 쥬시 래스팅 틴트, 04 피그피그, 1개",립틴트,,281,4.633451957295374,23,0,258
coupang,7649617612,"[비건뷰티] 달바 화이트 트러플 로얄 인텐시브 세럼, 160ml, 2개",세럼,,2,5.0,20,0,142
coupang,7649617612,"[비건뷰티] 달바 화이트 트러플 로얄 인텐시브 세럼, 160ml, 2개",화장품,,160,4.4625,20,0,142
coupang,7650140094,"닥터지 그린딥 클렌징 오일, 210ml, 1개",클렌징오일,,294,4.581632653061225,26,0,268
coupang,7670053093,"토니모리 대용량 닥터오킴스 수크라테놀 리커버 크림, 1개, 120ml할인",수분크림,,64,4.90625,1,0,63
coupang,7675480949,"바디판타지 퓨어 솝 판타지 프래그런스 바디 스프레이 깨끗한 비누향, 94ml, 1개",미스트,,258,4.538759689922481,21,6,231
coupang,7679593248,"이즈앤트리 초저분자 히아루론산 토너, 300ml, 2개",토너,,116,4.646551724137931,6,2,108
coupang,7684543194,"바디판타지 러브 스트럭 프래그런스 바디스프레이 플로럴, 94ml, 1개",미스트,,61,4.573770491803279,4,3,54
coupang,7686881023,"릴릴 나인세컨드 에어포뮬라 4세대 선크림 SPF50+ PA++++, 1개, 50ml",선크림,,89,4.719101123595506,5,0,84
coupang,7690311540,"컬러딥 블랙 컨실러 스틱, 21호, 1개",컨실러,,69,4.3768115942028984,6,3,60
coupang,7701808352,"닥터지 블랙 스네일 레티놀 앰플, 50ml, 2개",세럼,,66,4.46969696969697,9,0,57
coupang,771388,"더마콜 메이크업커버 크림 파운데이션 30g, 1개, 210호 웜베이지",파운데이션,,238,4.436974789915967,22,5,211
coupang,7750832609,"비레디 블루 쿠션 15g, 02 라이언, 1개",파운데이션,,166,4.771084337349397,5,2,159
coupang,7755218963,"와이엔엠 허니 립밤 시리즈, 오렌지 레드, 3g, 1개",립스틱,,293,4.662116040955631,17,1,275
coupang,7762360251,"아이보들 로션, 300ml, 1개",스킨케어,,61,4.852459016393443,1,0,60
coupang,7764082294,"에스투엔디 컬러라이즈 스타리 아이즈 섀도우, 02 핑크뮬리, 1개",아이섀도,,24,4.833333333333333,0,0,24
coupang,7787741106,"오아드 립티크 립티커, 1개, 5g, 000 NEUTE 뉴테",립틴트,,243,4.580246913580247,18,4,221
coupang,7802266248,"AHC 프리미어 앰플 인 코어리프팅 아이크림, 40ml, 4개",아이크림,,260,4.711538461538462,8,7,245
coupang,7803884244,홈쇼핑 동일 AHC 아이크림 시즌12 최신상 앰플인 6각존 코어리프팅 김혜수 40ml 3개+12ml 1개할인,아이크림,,47,4.872340425531915,1,0,46
coupang,7806190647,"아이보들 프루티 크림, 200ml, 2개",스킨케어,,94,4.957446808510638,0,1,93
coupang,7834999311,"브이디엘 커버스테인 퍼펙팅 파운데이션 30ml, 1개, A",파운데이션,,225,4.542222222222223,22,0,203
coupang,7835411138,"블레스문 타이니 몬스터 마스카라 3g, 블랙, 1개",마스카라,,89,5.0,0,0,89
coupang,7870010368,"fmgt 워터핏 립틴트, 01로즈핑크, 1개",립틴트,,278,4.751798561151079,8,4,266
coupang,7876775883,"한가닉 대용량 콜라겐 리프팅 마스크팩 30ml, 30개, 1개입",마스크팩,,297,4.94949494949495,4,0,293
coupang,7881495115,"마녀공장 갈락토미 에센스 미스트, 120ml, 1개",미스트,,63,4.682539682539683,3,2,58
coupang,7892361576,"[비건뷰티] 코스노리 판테놀 베리어 토너, 205ml, 1개",토너,,117,4.982905982905983,0,0,117
coupang,7909843901,"비오엠 클라우드 블러 립스틱, 1개, 3.3g, 02 스모크드 코랄",립스틱,,18,4.666666666666667,1,0,17
coupang,7912980205,"은율 데일리 케어 콜라겐 미스트, 100ml, 3개",미스트,,268,4.5,30,0,238
coupang,7913373530,"뷰디아니 메쉬 타이트 업 커버쿠션 12g, 커버데일리, 1개할인",쿠션팩트,,277,4.527075812274369,24,3,250
coupang,7920750262,"아브카 트루 모이스춰 저분자 히알루론산 앰플, 100ml, 1개",세럼,,293,4.873720136518771,5,0,288
coupang,7925244997,"MAC본사 정품맥 맥시멀 실키 매트 립스틱, 1개, 칠리R.LUX혜택",립스틱,,22,1.0,22,0,0
coupang,7941987392,"아브카 저분자 히알루론산 대용량 모공 토너, 1L, 1개",토너,,318,4.635220125786163,26,0,292
coupang,7966997437,"루나 컨실 블렌더 팔레트 6g, 1개, 1호 클리어 커버쿠폰할인",컨실러,,185,4.778378378378378,5,1,179
coupang,7967032926,"블레스문 아임 뮤트 립스틱, 01 인, 3.4g, 1개할인",립스틱,,302,4.894039735099338,7,1,294
coupang,798145,"어퓨 딥 클린 클렌징 오일, 160ml, 1개",클렌징오일,,268,4.593283582089552,20,4,244
coupang,7989073289,"지베르니 듀이 글레이즈 립틴트, 07 크리미 로즈, 4.9g, 1개",립스틱,,175,4.817142857142857,4,1,170
coupang,8000384254,"라비엘 바이옴 8X 히알루론산 수분 크림, 5개, 80ml할인",수분크림,,36,4.944444444444445,0,0,36
coupang,8000817566,"히알루론산 수분크림, 1개, 100ml할인",수분크림,,19,4.526315789473684,1,0,18
coupang,8023900926,"HERA본사 정품헤라 블랙 쿠션 파운데이션 듀오 본품 15g + 리필 15g 세트, 21N1, 1개R.LUX",파운데이션,,17,1.4705882352941178,17,0,0
coupang,8028762974,"토니모리 퍼펙트 립스 쇼킹 립틴트, N03 코랄 쇼킹, 1개",립틴트,,251,4.54183266932271,23,0,228
coupang,8043652319,"헤브블루 펜타베리 판테놀 리페어 컨실러, 1개, 13호 아이보리할인",컨실러,,100,4.99,0,0,100
coupang,8047061203,"AHC 프로샷 콜라 쥬비네이션 리프트 4 캡슐 인 퓨즈드 아이크림 포 페이스, 30ml, 1개",아이크림,,30,4.7,2,0,28
coupang,8075382914,"한율 어린쑥 클렌징 흡착 팩 폼, 120ml, 1개",클렌징폼,,121,4.6115702479338845,10,0,111
coupang,8085392984,"투크 윗아웃 미러 립 틴트, 05 산스, 6개",립틴트,,98,4.76530612244898,4,1,93
coupang,8106728140,"[오푸리스]프로틴 클렌징오일 약알칼리 지성피부 클렌징오일, 1개, 200ml",클렌징오일,,79,4.936708860759493,1,1,77
coupang,8117600669,"부케가르니 무드 블렌딩 아이섀도우 팔레트 6.9g, 02 피치드리밍, 1개",아이섀도,,56,4.75,3,1,52
coupang,8131138088,"닥터지 그린 딥 포어 클렌징 밤, 100ml, 1개",클렌징오일,,85,4.91764705882353,1,0,84
coupang,8133102277,"닥터지 레드 블레미쉬 시카 수딩 크림, 50ml, 2개",수분크림,,303,4.590759075907591,28,0,275
coupang,8159208464,"에뛰드 컬픽스 마스카라 7.5g, 블랙, 1개",마스카라,,177,4.372881355932203,25,2,150
coupang,8159475107,"라멜린 에어 핏 워터리 선크림 SPF50+ PA++++, 50ml, 1개할인",선크림,,60,5.0,0,0,60
coupang,8208465897,"클리오 킬 래쉬 수퍼프루프 마스카라 7g, 01  롱컬링, 1개할인",마스카라,,258,4.391472868217054,30,1,227
coupang,8208570575,"에뛰드 픽싱 틴트, 5호 미드나잇 모브, 1개쿠폰할인",립틴트,,111,4.135135135135135,23,0,88
coupang,8208621314,"fmgt 파워 퍼펙션 비비크림 SPF37 PA++, V203 내추럴 베이지, 40g, 2개",BB크림,,287,4.533101045296167,27,1,259
coupang,8208628537,"데이지크 섀도우 팔레트, 03 누드포션, 1개",아이섀도,,285,4.470175438596491,32,3,250
coupang,8209840416,"그레이멜린 카놀라 크레이지 클렌징오일, 500ml, 1개",클렌징오일,,272,4.7463235294117645,8,2,262
coupang,8209844068,"이니스프리 화산송이 모공 바하 대용량 클렌징 폼, 250g, 1개",클렌징폼,,263,4.5893536121673,26,0,237
coupang,8209850103,"티스 딥 오프 클렌징 오일, 280ml, 1개",클렌징오일,,301,4.571428571428571,28,0,273
coupang,8210423041,"OBge 커버로션 50g + 포어제로 로션 1.5ml x 3p 세트, 1세트",파운데이션,,220,4.922727272727273,4,0,216
coupang,8217044096,"미샤 올 어라운드 세이프 블록 아쿠아 선크림 SPF50+ PA++++, 50ml, 3개",선크림,,318,4.60377358490566,29,0,289
coupang,8224591701,"글로소울 글로우 업 카밍 쿨러 유브이 프로텍션 크림 SPF50+ PA++++, 50ml, 1개할인",선크림,,69,4.971014492753623,0,1,68
coupang,8225141566,"수려한 기초세트 화윤 윤기나는얼굴 스킨로션 크림 한방화장품 보습 구성 3종 2종 택 1, 1세트할인· 16:",화장품,,24,4.625,2,0,22
coupang,8230482417,"OBge 내추럴 커버 남성 파운데이션 13g, 3호 샌드, 1개",파운데이션,,280,4.5928571428571425,28,0,252
coupang,8252026433,"한스킨 프리미엄 수퍼 매직 비비크림 SPF35 PA++, 45g, 1개",BB크림,,264,4.693181818181818,19,0,245
coupang,8264345744,"닥터지 블랙 스네일 프레스티지 토너 + 에멀전 + 앰플 + 크림 + 쇼핑백 4종 세트, 1세트",화장품,,259,4.845559845559846,5,1,253
coupang,8287804127,"롬앤 베어 물 틴트, 01베어바닐라, 1개",립틴트,,84,4.464285714285714,11,0,73
coupang,8287971621,"닥터지 더모이스처 배리어디 인텐스 크림, 100ml, 1개",나이트크림,,156,4.7243589743589745,10,0,146
coupang,8290099940,"제이엠솔루션 어성초 모이스처 카밍 크림, 60ml, 1개할인",수분크림,,20,5.0,0,0,20
coupang,8291559247,"레이디비즈 시티걸 무드 컬렉션 글로시 틴트 1.8g, 02버건디루비, 1개",립틴트,,237,4.974683544303797,1,0,236
coupang,8330725092,"에스트라 아토베리어365 크림 플러스, 90ml, 1개",수분크림,,297,4.64983164983165,24,0,273
coupang,8357684749,"ELLE PARIS 오떼르말 그린베일리 클렌징오일, 300ml, 1개",클렌징오일,,83,4.614457831325301,6,1,76
coupang,8359661212,어바웃톤 스킨 레이어 핏 파운데이션 5종 어바웃톤 ABOUT TONE 스킨레이어핏파운데이션 어바웃톤파운데이션,파운데이션,,291,4.649484536082475,21,3,267
coupang,8386737723,"메디테라피 포쎄라 리얼 비피다 블러 크림, 50ml, 1개",수분크림,,294,4.4727891156462585,27,4,263
coupang,8393759227,"에스네이처 아쿠아 스쿠알란 수분크림, 60ml, 2개",수분크림,,220,4.409090909090909,28,1,191
coupang,8397174127,"듀이셀 프라이빗케어 마스크팩, 2개, 5개입할인· 14:39:",마스크팩,,312,4.634615384615385,27,0,285
coupang,8398291616,"한스킨 클렌징오일 앤 블랙헤드 PHA, 300ml, 1개",클렌징오일,,287,4.56794425087108,30,0,257
coupang,8400416827,"한스킨 블레미쉬 커버 컨실러 12g, 1개, 라이트",컨실러,,242,4.541322314049586,24,2,216
coupang,8404833393,"HERA본사 정품헤라 뉴 블랙 쿠션 파운데이션 15g, 23N1, 1개",파운데이션,,15,1.4,15,0,0
coupang,8404883462,"HERA본사 정품헤라 블랙 쿠션 파운데이션 리필 15g, 1개, 23C1R.LUX혜택",쿠션팩트,,24,1.0,24,0,0
coupang,8406798615,"[아마존 나이트크림 1위] 르피크 레티놀 시카 탄력 고영양 나이트크림 재생크림, 1개, 50g할인42,000",나이트크림,,297,5.0,0,0,297
coupang,8424648046,"참존 탑클래스 7세대 NEW 리프팅 스킨케어 4종 선물세트 전용 고급 케이스(스킨+에멀전+앰플+크림), 1세",스킨케어,,85,4.576470588235294,7,0,78
coupang,8433959551,"롬앤 슬라이드 인 싱글 아이섀도, M01 웜 볼류머, 1개",아이섀도,,136,4.573529411764706,14,0,122
coupang,8449735978,"더페이스샵 잉크래스팅 파운데이션 슬림핏 뉴 15ml, V203 내추럴 베이지, 1개할인",파운데이션,,33,4.848484848484849,0,1,32
coupang,8461332002,"아브카 트루 브라이트닝 비타민C 잡티 세럼, 100ml, 1개",세럼,,259,4.953667953667954,2,0,257
coupang,8461422254,"루나 롱래스팅 풀 커버 빅 컨실러 40g, 1개, 0.7호 아이보리쿠폰할인",컨실러,,177,4.751412429378531,7,1,169
coupang,8486153109,"레이디비즈 시티걸무드 컬렉션 9색 아이섀도우 팔레트, 1개, 9g, 02임뷰",아이섀도,,37,4.972972972972973,0,0,37
coupang,8501132488,"네이처리퍼블릭 아프리카 버드 옴므 올인원 모이스처라이저, 150ml, 1개",스킨케어,,294,4.9353741496598635,2,0,292
coupang,8515211110,"에스쁘아 워터 스플래쉬 세라마이드 선크림 SPF50+ PA++++, 60ml, 1개",선크림,,296,4.648648648648648,22,0,274
coupang,8539460858,"HERA본사 정품헤라 리플렉션 스킨 글로우 쿠션 파운데이션 15g, 23N1, 1개R.LUX혜택",쿠션팩트,,19,1.4210526315789473,19,0,0
coupang,8548454544,"인뮤 포어레스 듀얼핏 컨실러 & 파운데이션 2in1 에그 쿠션 (기미 잡티 주근깨 모공 커버), 21C, 1",컨실러,,297,4.902356902356902,8,0,289
coupang,8552621832,토너를부탁해 삼성 CLT-K404S P404C SL-C433 C433W SL-C483 C483W C483FW,토너,,224,4.714285714285714,16,0,208
coupang,8567202716,"에스트라 더마 UV 365 레드진정 톤업 선크림 SPF50+ PA++++, 40ml, 1개",선크림,,189,4.788359788359788,5,3,181
coupang,8592474596,"입큰 샤인 글로잉 틴트 4.1g, 포지핑크, 1개할인· 15:06:",립틴트,,59,4.966101694915254,0,0,59
coupang,8593092462,"Sulwhasoo본사 정품설화수 new 자음 2종 세트, 1세트R.LUX혜택",스킨케어,,17,1.3529411764705883,17,0,0
coupang,8597305593,"이니스프리 스키니 꼼꼼 마스카라 Zero 3.5g, 1호 블랙, 1개",마스카라,,137,4.182481751824818,27,0,110
coupang,8604096216,(동안피부만들기) 아이백 눈밑 주름개선 인삼수69.,아이크림,,47,5.0,0,0,47
coupang,8610798007,"센카 퍼펙트 휩 프레시 클렌징 폼, 100g, 3개",클렌징폼,,312,4.647435897435898,25,1,286
coupang,8615290036,"오아드 커버 퍼펙팅 미러브러쉬드 컨실러 7COLOR, 1개, 커버 퍼펙팅 미러브러쉬드 컨실러 DK살몬할인·",컨실러,,94,5.0,0,0,94
coupang,8617210132,"지베르니 소프트 아이 팔레트 5g, 02레이지핑크, 1개",아이섀도,,27,4.777777777777778,1,0,26
coupang,8633754180,"닥터지 블랙 스네일 크림 듀오, 50ml, 2개",화장품,,320,4.640625,28,0,292
coupang,8656391267,"프리미어 앰플 아이크림 포 페이스 라인 타이트닝, 40ml, 2개",아이크림,,295,4.830508474576271,8,1,286
coupang,8687725617,"클리오 프로 아이 팔레트 에어, 02 로즈커넥트, 1개",아이섀도,,106,4.764150943396227,2,1,103
coupang,8702522333,"립힙 롱래스팅 립매트 립틴트, 01누디키스, 4.5g, 2개",립틴트,,303,4.656765676567657,23,0,280
coupang,8704887040,"닥터지 브라이트닝 업 모이스처 선크림 SPF50+ PA++++, 50ml, 1개",선크림,,209,4.655502392344498,10,8,191
coupang,8710529875,"닥터지 레드 블레미쉬 클리어 히알 시카 수딩 세럼, 50ml, 1개",세럼,,155,4.916129032258064,2,0,153
coupang,8711470173,"코코가가 그루밍 벨벳 틴트, 01 청순냥, 1개",립틴트,,137,4.744525547445256,4,5,128
coupang,8732326011,"아리얼 엑스퍼트 펩타이드 콜라겐 레티놀 겔 마스크, 4개입, 6개",마스크팩,,125,4.384,18,0,107
coupang,8732944374,"그레이스데이 알약 마스크팩, 1개, 100개입할인",마스크팩,,127,4.622047244094488,10,1,116
coupang,8736759664,"독일원료 비타민C 기미 얼굴 미백크림 주름 개선 탄력 나이트 크림, 1개, 50g",나이트크림,,165,4.872727272727273,3,1,161
coupang,8743369834,"릴리바이레드 듀이핏 팔레트, 05 아몬드밀크, 1개쿠폰할인",아이섀도,,64,4.625,5,1,58
coupang,8760697826,"더페이스샵 잉크래스팅 파운데이션 슬림핏 이엑스 30ml, 1개, V201 애프리콧베이지",파운데이션,,314,4.589171974522293,27,0,287
coupang,8761206252,1회용 캡슐 거품팩 모공 워시오프팩 바이알피 퀵 리터닝 마스크 BYRP 버블 딥클렌징 마스크팩 피지 블랙헤드,마스크팩,,299,5.0,0,0,299
coupang,8778212280,"비쏠르 앰플러 마스크팩 하이드로겔 기미 미백 탄력 기능성, 1개, 4개입",마스크팩,,33,4.848484848484849,0,0,33
coupang,8781793673,"OBge 포어제로 오일 컨트롤 선스틱 SPF50+ PA++++, 18g, 2개",선크림,,323,4.678018575851393,27,0,296
coupang,8822726027,"OBge 포어 제로 오일 컨트롤 선크림 SPF50+ PA++++, 50ml, 2개",선크림,,230,4.995652173913044,0,0,230
coupang,8832676218,"미백순수22 미백순수 아이크림 닥터아이백 부스터 + 눈가 눈밑 주름크림 세트, 35g, 2개",아이크림,,37,4.27027027027027,6,2,29
coupang,8836901203,"이지듀 멜라 비 토닝 기미 앰플 쿠션 미니 8g, 21 내추럴, 1개",쿠션팩트,,170,4.3882352941176475,21,1,148
coupang,8844778961,"피지오겔 콜라겐 에센스 수딩 마스크 팩, 10개입, 1개쿠폰할인",마스크팩,,191,4.780104712041885,7,1,183
coupang,8880355162,"아이오페 유브이 쉴드 프로텍터 엑스피 선크림 SPF50+ PA++++, 60ml, 2개",선크림,,228,4.43859649122807,28,0,200
coupang,8990920265,"메디폴미 레드 제로 바이옴 리페어 크림 피부재생 홍조 트러블 개선, 2개, 50g",수분크림,,42,5.0,0,0,42
coupang,9009587580,"루블리스 히알루론산 모이스처 수분크림 쿨링 수딩젤, 1개, 50ml",수분크림,,181,4.983425414364641,0,0,181
coupang,9016941184,디알엘릭사 주름 개선 아이크림 콜라겐 EGF 펩타이드 미백크림 눈가 눈밑 주름 리프팅 영양 탄력 케어 롤링,아이크림,,184,4.961956521739131,1,0,183
coupang,9053141046,"라로슈포제 뉴 시카플라스트 밤 B5+ 크림, 40ml, 1개",스킨케어,,294,4.530612244897959,28,1,265
coupang,9055640329,"[Gift 실리콘 브러쉬 1개] 샤르드 멜라케어 필크림 마스크, 1개, 1개입",스킨케어,,288,4.472222222222222,28,11,249
coupang,9059791205,"아벤느 오 떼르말 미스트 150ml + 50ml 세트, 200ml, 1세트쿠폰할인",미스트,,293,4.69283276450512,18,0,275
coupang,9072524953,BEST AWARDS설명쿠팡,마스크팩,,312,4.615384615384615,27,1,284
coupang,9082080248,은율 내츄럴 모이스쳐 마스크팩 알로에 10p + 콜라겐 10p + 진주 10p + 히알루론 10p + 아보카,마스크팩,,287,4.512195121951219,28,1,258
coupang,9082088854,"참존 탑클래스리프팅3종세트(스킨+에멀젼+리프팅크림), 1세트할인",화장품,,91,4.747252747252747,4,0,87
coupang,9083989433,"바디판타지 프래그런스 바디 스프레이 프레시화이트머스크, 236ml, 1개",미스트,,252,4.432539682539683,27,2,223
coupang,9120689141,"12EST 굿나잇 시카 엑소좀 리커버리 앰플 크림, 1개, 50ml할인",나이트크림,,20,4.85,1,0,19
coupang,9135611853,"아이오페 모이스트 클렌징 휘핑 폼, 180ml, 1개",클렌징폼,,278,4.76978417266187,11,6,261
coupang,9156484161,[즉시효과] 비타민 C 톤업 비비 크림 얼굴 재생 미백 비비 크림 추천 보습 화이트닝 BB 쌩얼 크림 잡티,BB크림,,64,3.703125,22,1,41
coupang,9165805224,"에이지투웨니스 시그니처 에센스 커버 팩트 인텐스 케이스 1p + 리필 14g 2p, 21호, 1개쿠폰할인40",쿠션팩트,,304,4.578947368421052,26,0,278
coupang,9170068131,"Beachic 비칙 퍼펙트 매트 쿠션 (본품 15g + 리필 15g), 1개, 01 아이보리",쿠션팩트,,117,4.897435897435898,2,2,113
coupang,9170474352,"PDRN 콜라겐 수분 병풀 시카 마스크팩, 4개, 10개입",마스크팩,,30,5.0,0,0,30
coupang,9182531916,"더샘 커버 퍼펙션 트리플 팟 컨실러 13.5g, 1개, 01코렉트베이지쿠폰할인",컨실러,,291,4.59106529209622,26,1,264
coupang,9182564191,"지베르니 밀착 센서티브 마스카라, 02 블랙 브라운, 1개",마스카라,,251,4.625498007968128,20,1,230
coupang,9184166658,"에뛰드 컬픽스 스키니 마스카라 3g, 01 블랙, 2개",마스카라,,35,4.828571428571428,0,0,35
coupang,9196416090,"[비건뷰티] 이니스프리 그린티 씨드 히알루론산 고수분 크림, 50ml, 1개",수분크림,,181,4.624309392265193,17,0,164
coupang,9205538309,"컨실러 펜슬 잡티 다크서클 커버 고커버 포인트 컨실러 2.4g, 02 내추럴 톤, 2개",컨실러,,20,4.7,1,0,19
coupang,9206726424,"메디폴트 아쿠아미노 버블토너 정제수없는 온천수 거품 토너 속건조 장벽 케어, 1개, 150ml",토너,,75,5.0,0,0,75
coupang,9206738199,"아벤느 오 떼르말 온천수 미스트 300ml 2p + 50ml 세트, 1개",미스트,,278,4.748201438848921,16,1,261
coupang,9207317652,"YNM 하트 젤링 틴트(실리콘 브러쉬 내장), 02 앵두젤링, 1개",립틴트,,203,4.74384236453202,6,4,193
coupang,9208532135,"에스엔피 골드 콜라겐 데일리 뽑아쓰는 마스크팩 350g, 30개입, 6개쿠폰할인",마스크팩,,242,4.698347107438017,13,2,227
coupang,9208726792,"바이오티크 윗점 나이트 크림 100g, 1개",나이트크림,,31,4.935483870967742,0,0,31
coupang,9220932062,대라 캉 드 루미밤 다크닝 없는 스틱 파운데이션 밤 밀착커버 모공 잡티 기미 속광 홍조 스팟 주근깨 좁쌀,파운데이션,,235,4.940425531914894,2,2,231
coupang,92219037,"라곰 셀럽 마이크로 폼 클렌저, 150ml, 1개",클렌징폼,,300,4.67,22,0,278
coupang,92233812,"미샤 비폴렌 리뉴 앰풀러, 40ml, 2개",세럼,,315,4.6380952380952385,26,0,289
coupang,92317460,"미샤 래디언스 파운데이션 35ml, 샌드, 1개",파운데이션,,260,4.653846153846154,13,3,244
coupang,9247480178,"24H 롱래스팅 스틱 파운데이션 - 커버력 UP 자연스러운 피부 표현, 140#, 1개",파운데이션,,33,4.7272727272727275,2,0,31
coupang,9251574070,"초밀착 슬림 커버 컨실러 다크서클 기미 여드름 잡티 완벽 커버 들뜸 없는 촉촉한 컨실러, #03 살몬 베이지",컨실러,,22,5.0,0,0,22
coupang,9262321644,"네오젠 더마로지 볼륨 메탈 마스카라 기획세트 (본품+리필), 블랙, 1개",마스카라,,241,4.560165975103734,27,1,213
coupang,9304127095,"닥터지 레드 블레미쉬 시카 수딩 토너, 200ml, 1개",토너,,48,4.666666666666667,4,0,44
coupang,9304222146,"이니스프리 히알루론 수분 선크림 SPF50+ PA++++, 50ml, 3개",선크림,,162,4.8765432098765435,4,1,157
coupang,9304260213,"센카 퍼펙트 휩 페이셜 워시 FA 클렌징폼, 120g, 2개",클렌징폼,,314,4.601910828025478,29,0,285
coupang,9304269585,"리코셀 네이처리커버리 마스크팩 1번 세트, 100개입, 1개",마스크팩,,274,4.54014598540146,28,0,246
coupang,9309673664,"OBge 맥스 수딩 토너, 500ml, 1개쿠폰할인",토너,,224,5.0,0,0,224
coupang,9310222939,"에이지투웨니스 샤이닝 드롭 에디션 뉴오리지널 에센스 커버 팩트 케이스 + 리필 12.5g x 3p, 21호",쿠션팩트,,261,4.597701149425287,23,1,237
coupang,9322910885,"(new 스킨 로션 크림) 설화수 탄력 에센셜 3종 세트 부모님 엄마 생신 선물 화장품, 1세트158,500",화장품,,18,4.777777777777778,1,0,17
coupang,9340502560,"인요에 토마토 펩타이드 유스 선 세럼 50ML, 1개할인",세럼,,38,5.0,0,0,38
coupang,9342410036,토미울프 모공노폐물,클렌징오일,,299,5.0,0,0,299
coupang,9350207997,커버 파운데이션 여성 썬크림 비비크림 CC크림 겸용 물광 광채 비비크림 미백크림메이크업 베이스 파운데이션 컨,BB크림,,33,5.0,0,0,33
coupang,9367035642,"네오젠 더마로지 슬림 메탈 마스카라, Black, 1개쿠폰할인",마스카라,,52,4.769230769230769,3,0,49
coupang,9371408168,"히스토어 네츄어렌 아우라 클리어 클렌징 폼, 2개, 150g할인",클렌징폼,,29,5.0,0,0,29
coupang,9371507405,"CNP차앤박 프로폴리스 에너지 앰플 미스트 플러스, 1개, 250ml",미스트,,272,4.893382352941177,6,1,265
coupang,9376308326,"코스노리 판테놀 피부탄력 데일리 딥 모이스처 마스크, 1개, 30개입",마스크팩,,61,5.0,0,0,61
coupang,9396080999,[블랙헤드,클렌징오일,,31,4.967741935483871,0,0,31
coupang,9400877132,"풀리 블루 스피룰리나 히알 수분 세럼, 2개, 50ml",세럼,,70,5.0,0,0,70
coupang,9405072145,"필오프 립틴트 뜯어내는 틴트 타투 립틴트 지속력 좋은 틴트, 1개, 01# 포도색할인",립틴트,,59,4.9491525423728815,0,0,59
coupang,9412395228,"오브네쥬 퍼미에잇 365 고보습 수분 크림 히알루론산 세라마이드 장벽 민감성 보습, 1개, 50ml32,50",수분크림,,159,5.0,0,0,159
coupang,9422572953,"한스킨 글로우 데일리 비비크림, 1개, 30ml, 피치",BB크림,,196,5.0,0,0,196
coupang,9424885476,"오브제 액티브 스웨트프루프 선크림 SPF50+ PA++++, 2개, 50ml",선크림,,108,4.935185185185185,2,0,106
coupang,9430577205,"립힙 매직 커버 컨실러 (베이스 메이크업 컨투어 하이라이터 다크서클 잡티커버), 01 베이직 컬렉터, 1개1",컨실러,,33,5.0,0,0,33
coupang,94377330,"미샤 코튼 컨투어 팩트 셰이딩 4g, 스모크드 헤이즐, 1개",화장품,,305,4.531147540983606,25,1,279
coupang,9438539160,"여성 매트 립머드 벨벳 워터프루프 묻지않는 립틴트, 1개, 06 아몬드 시나몬할인· 15:06:3013,20",립틴트,,20,5.0,0,0,20
coupang,9442036464,"[홈쇼핑완판템] 전인화의 비오진 알부민 멜라 리셋 톤업 선 크림 SPF50+ PA++++, 1개, 50ml1",스킨케어,,17,2.764705882352941,9,1,7
coupang,9452413628,"노모어오일리 아줄렌 티트리 시카 토너 (지성피부용 토너), 1개, 200ml할인",토너,,47,5.0,0,0,47
coupang,9452438041,"노모어오일리 노세범 히알루론산 세럼 (지성피부용 세럼), 1개, 50ml",세럼,,49,5.0,0,0,49
coupang,9454537097,삼색 섀도우스틱 그라데이션 한 번에 완성 삼색 아이섀도우 아이섀도우 스틱 워터프루프 아이섀도우 글리터 다색,아이섀도,,22,5.0,0,0,22
coupang,9456628836,"티엠티엠 하이아쿠 저자극 10중 히알루론산 세라마이드 수분크림, 1개, 70ml",수분크림,,101,5.0,0,0,101
coupang,9457336463,"래니스 아이스 블루 스쿠알란 블랙헤드 클렌징 오일, 1개, 200ml쿠폰할인",클렌징오일,,70,5.0,0,0,70
coupang,9468246577,"코스노리 판테놀 베리어 앰플 10, 1개, 50ml",세럼,,53,4.981132075471698,0,0,53
coupang,9468286081,"아이소이 브라이트닝 마데카소사이드 흔적 진정 토너, 1개, 300ml",토너,,20,5.0,0,0,20
coupang,9481314787,"오운올 바르는 단백질 콜라겐 리프팅 롤링 아이 크림 2+1, 15ml, 3개할인· 3일 남음",아이크림,,297,4.925925925925926,3,0,294
coupang,9488566,"보닌 더 스타일 남성 기초 2종 세트, 1세트할인",화장품,,278,4.712230215827338,7,3,268
coupang,9492160436,"참존 탑클래스 7세대 리프팅 4종세트 (스킨2+에멀전2), 1세트할인",화장품,,21,4.857142857142857,0,0,21
coupang,9492688025,"워터프루프 마스카라 컬링력 좋은 픽서 기능 롱래스팅, 1개, 블랙",마스카라,,34,5.0,0,0,34
coupang,9515046737,"[자외선차단]톤업 선크림 비비 얼굴 재생 크림 쌩얼 메이크업 올인원 SPF50+ PA+++, 3개, 40g",BB크림,,20,5.0,0,0,20
coupang,9531766338,"쏘내추럴 파우더포룸 메이크업 세팅 멀티 매직 실러, 10ml, 1개",화장품,,254,4.55511811023622,23,1,230
coupang,982422,"프럼네이처 알로에베라 수딩 젤미스트, 120ml, 1개",미스트,,277,4.451263537906137,26,6,245
musinsa,1205514,미남크림 톤업 화이트닝 남자톤업크림 50ml,기타,mip,222,4.851351351351352,3,3,216
musinsa,1218467,1025 독도 토너 500ml(+독도 클렌저 40ml + 워터겔 마스크 1매 증정),토너,roundlab,2450,4.935102040816327,2,2,2446
musinsa,1246381,[+바디워시 증정] 퍼퓸 데오 바디스프레이 200ml 프레쉬향,기타,dashu,5125,4.870243902439024,11,39,5075
musinsa,1253549,그린티 리프레싱 바디로션 200ml,기타,elizabetharden,48,4.833333333333333,0,1,47
musinsa,1303998,클로렐라 베러루트 워터 트리트먼트 200ml,기타,daleaf,61,4.868852459016393,0,0,61
musinsa,1341527,바오밥 21차(건성/일반두피용) 프리미엄 약산성 샴푸 1000ml,기타,lofn,26,4.923076923076923,0,0,26
musinsa,1350491,[증정] 속보습 세라마이드 아토 집중 캡슐 크림 230ml 2 pack,기타,illiyoon,398,4.914572864321608,0,1,397
musinsa,1412627,[세트] 다우트리스 바디미스트 3종 100ml(2개),미스트,bodyholic,399,4.887218045112782,1,0,398
musinsa,1491184,셀러스 선 젤 플러스,기타,lagom,63,4.904761904761905,0,0,63
musinsa,1493323,세라마이드샷 앰플 대용량 100ml,세럼,amplen,393,4.900763358778626,0,0,393
musinsa,1516336,비타민 B9 톤업 미백 크림 65ml,기타,naturaldermaproject,133,4.796992481203008,1,3,129
musinsa,1532646,스킨 워시 500ml,기타,ulos,1981,4.941948510853105,2,2,1977
musinsa,1535905,서플 프레퍼레이션 올 오버 로션,기타,klairs,48,4.9375,0,0,48
musinsa,1619465,울트라리페어 로션 350ml 2 pack + 트러블 미스트 30ml 증정,미스트,illiyoon,201,4.945273631840796,0,0,201
musinsa,1654903,엔조이 슈퍼 마일드 선 에센스 50ml 2개,기타,scinic,678,4.93952802359882,0,0,678
musinsa,1654904,엔조이 올라운드 에어리 썬쿠션 2개,쿠션팩트,scinic,204,4.857843137254902,0,1,203
musinsa,1654908,슈퍼 액티브 에어리 썬스틱 15g 2EA,기타,scinic,367,4.839237057220709,1,3,363
musinsa,1692082,오더이터 풋 스프레이 113g,기타,blistex,137,4.912408759124087,0,1,136
musinsa,1700539,증정)레드 블레미쉬 클리어 수딩 크림 50mL,기타,drg,222,4.815315315315315,4,1,217
musinsa,1743768,카카우마스크 150ml,기타,cadiveu,22,4.818181818181818,0,0,22
musinsa,1771869,데일리 릴렉스 올인원 등드름 미스트 200ml,미스트,dashu,122,4.89344262295082,0,0,122
musinsa,1836555,문제성 두피스케일링 스프레이 에이치토너 스칼프케어 헤어토닉 100ml,토너,encos,26,4.769230769230769,0,2,24
musinsa,1859468,"LPP 단백질 트리트먼트 헤어 팩 1000ml, 오리지널",기타,parkjunbeautylab,520,4.905769230769231,1,2,517
musinsa,1955807,우먼즈 샌들 SUN - Noir,기타,meduse,1339,4.831964152352501,4,8,1327
musinsa,1955809,우먼즈 샌들 SUN - Argent paillette,기타,meduse,758,4.8403693931398415,4,4,750
musinsa,1961120,리커버리 밤 B 120ml,기타,moremo,333,4.900900900900901,1,1,331
musinsa,1965565,딜라이트풀 오일 120ml,기타,moremo,1645,4.882066869300912,4,12,1629
musinsa,1965713,헤어 트리트먼트 미라클 2X (475ml 대용량),기타,moremo,1511,4.919920582395765,2,8,1501
musinsa,1971513,세라 트리트먼트 1200ml (7종향),기타,milkbaobab,93,4.860215053763441,1,0,92
musinsa,2006564,히아루론산 워터리 선 젤,기타,isntree,36,4.861111111111111,0,0,36
musinsa,2011419,빨간쌀 보습탄력 에멀젼 125ml,기타,hanyul,99,4.96969696969697,0,0,99
musinsa,2011742,어린쑥 수분진정 플루이드 125ml + [사은품증정],기타,hanyul,311,4.906752411575563,1,2,308
musinsa,2037643,힐케어 풋버퍼 발각질제거,기타,rire,38,4.868421052631579,0,0,38
musinsa,2047894,비건 선크림 50ml [SPF50+/PA++++],선크림,hyggee,65,4.876923076923077,0,0,65
musinsa,2066668,클로렐라 베러루트 릴렉싱샴푸 1000ml,기타,daleaf,165,4.909090909090909,0,1,164
musinsa,2134633,세라마이드 아토 로션 350ml+집중크림 230ml,기타,illiyoon,243,4.938271604938271,0,1,242
musinsa,2134641,[증정] 히알루론 모이스춰 수분크림 100ml 2입,수분크림,illiyoon,449,4.8997772828507795,0,4,445
musinsa,2146754,탈모증상완화 두피강화 샴푸 400ml+샴푸브러쉬,기타,laboh,134,4.895522388059701,0,3,131
musinsa,2146807,두피강화 캡슐 트리트먼트 220ml 2 pack,기타,laboh,568,4.917253521126761,0,1,567
musinsa,2150772,빠지는 모발 고민해결 두피강화 샴푸 400ml + 증정,기타,laboh,1271,4.919748229740362,0,4,1267
musinsa,2150832,탈모증상완화 샴푸 민감더마 400ml,기타,laboh,239,4.866108786610878,2,1,236
musinsa,2151083,빠지는 모발 고민해결 두피강화 샴푸 400ml 2입 + 증정,기타,laboh,2114,4.925260170293283,3,3,2108
musinsa,2156021,퍼펙트 세럼 80ml 2 pack,세럼,miseenscene,1914,4.932601880877743,1,3,1910
musinsa,2172337,아토베리어365 로션 150ml,기타,aestura,3580,4.929888268156424,4,6,3570
musinsa,2172345,아토베리어365 크림 80ml,기타,aestura,6924,4.938041594454073,9,10,6905
musinsa,2189010,아르간 오일 헤어 퍼퓸 에센스 100ml,기타,celluver,59,4.864406779661017,1,1,57
musinsa,2190545,딥 데미지 트리트먼트 EX 207ml,기타,unove,50,4.96,0,0,50
musinsa,2190614,히팅 가드 노워시 트리트먼트 147ml,기타,unove,265,4.909433962264151,0,5,260
musinsa,2191550,아쿠아 단백질 본드 워터 에센스200ml,기타,hairplus,88,4.829545454545454,0,1,87
musinsa,2201693,[대용량/사계절용] 화이트 톤업 바디세럼 150ml (SPF21),세럼,9wishes,248,4.826612903225806,3,1,244
musinsa,2231954,바디워시 500ml 2입 (옵션),기타,illiyoon,236,4.923728813559322,1,0,235
musinsa,2231957,무향 100시간 보습 세라마이드 아토 로션 564ml,기타,illiyoon,1226,4.947797716150082,0,2,1224
musinsa,2231974,[증정] 튼살 붉은선 개선 저자극튼살크림 330ml,기타,illiyoon,426,4.910798122065728,0,0,426
musinsa,2231991,튼살 붉은선 개선 저자극 튼살크림 200ml 2 pack,기타,illiyoon,21,5.0,0,0,21
musinsa,2232000,저자극 이지워시 선크림 150ml,선크림,illiyoon,384,4.9140625,0,0,384
musinsa,2235360,에그 레미디 헤어팩,기타,toocoolforschool,90,4.855555555555555,1,2,87
musinsa,2244433,무실리콘 랩업 트리트먼트 750ml,기타,drbio,48,4.854166666666667,0,0,48
musinsa,2245624,토탈리페어5 트리트먼트 헤어팩 170ml,기타,lorealparis,25,4.8,0,0,25
musinsa,2269586,LPP 단백질 트리트먼트 헤어 팩 1000ml  화이트머스크 (리뉴얼),기타,parkjunbeautylab,264,4.901515151515151,0,1,263
musinsa,2286215,어니언 뉴페어 겔크림 플러스 50ml (증정: 플럼 겔마스크 1매),기타,isntree,505,4.807920792079208,4,6,495
musinsa,2296212,비건 아쥬라 센서티브 패밀리 케어 로션 300ml,기타,bonajour,23,4.869565217391305,0,0,23
musinsa,2296891,포 맨 밤부 포레스트 메가 하드 스프레이 180ml,기타,dashu,1985,4.911335012594458,1,5,1979
musinsa,2300991,두피강화클리닉 샴푸 탈모증상완화 125ml,기타,laboh,59,4.88135593220339,0,0,59
musinsa,2316268,손상모케어 탈모증상완화 폴리젠 실크 샴푸 500ml,기타,drforhair,65,4.907692307692308,0,0,65
musinsa,2354899,아쿠아 단백질 본드 워터 에센스200ml 2PACK,기타,hairplus,94,4.840425531914893,1,0,93
musinsa,2407381,퍼퓸 헤어&바디미스트 100ml,미스트,skybottle,425,4.851764705882353,1,4,420
musinsa,2417998,리얼 히알루로닉 블루 100 앰플 100ml,세럼,wellage,3513,4.91488756048961,7,11,3495
musinsa,2421999,비건 로즈마리 민트 천연샴푸 500ml,기타,drorga,38,4.894736842105263,0,1,37
musinsa,2425723,아르간 트리트먼트 헤어팩 210ml,기타,drorga,28,4.964285714285714,0,0,28
musinsa,2435306,[+지우개패드2매 증정]바디 브라이트닝 패드 60매,기타,celimax,260,4.8538461538461535,0,1,259
musinsa,2436679,순정 디렉터 선크림 2pack 기획세트,선크림,etude,2246,4.8940338379341055,7,6,2233
musinsa,2437952,롱래스팅 톤업크림 35ml,기타,celimax,30,4.833333333333333,0,0,30
musinsa,2458627,RC BB557 GREEN 선글라스,기타,reclow,4247,4.889333647280433,6,12,4229
musinsa,2496302,그린 마일드 업 선 플러스 50mL 2개,기타,drg,2025,4.922469135802469,6,3,2016
musinsa,2506576,[증정] 퍼펙트 세럼 80ml 3 pack,세럼,miseenscene,505,4.938613861386139,1,2,502
musinsa,2512802,마다가스카르 센텔라 히알루-시카 워터핏 선 세럼 50ml,세럼,skin1004,486,4.923868312757202,0,0,486
musinsa,2550029,[진로콜라보][2pack] 아쿠아티카 쿨링 썬스크린 50ml + 스티커 키링 기획세트 + [증정] 스킨 부스터 세럼 20ml + 진로 쿨링패드 2매,세럼,cellfusionc,180,4.905555555555556,1,0,179
musinsa,2559110,제로퍼센트 저자극 버블 핸드워시 500ml 3입,기타,happybath,61,4.901639344262295,0,1,60
musinsa,2565851,셋 앤 킵 스프레이 슈퍼하드 263ml 2개,기타,gatsby,177,4.932203389830509,0,1,176
musinsa,2570504,DMT 페이셜 수분 크림 150ml+추가증정,수분크림,physiogel,1431,4.918937805730258,5,4,1422
musinsa,2576679,비건 센텔라 리페어 로션 150ml,기타,bonajour,60,4.883333333333334,1,0,59
musinsa,2580012,[정샘물 l 악마프2 에디션] 에센셜 물 마이크로 피팅 미스트 55ml (물결크림 5ml),미스트,jsm,1660,4.864457831325301,3,17,1640
musinsa,2580030,에센셜 물 마이크로 피팅 미스트 120ml (물결크림 5ml + 물토너 15ml 증정),토너,jsm,964,4.890041493775934,1,7,956
musinsa,2580417,마스터클래스 앰플 선 (앰플선 5ml 2개 증정),세럼,jsm,484,4.9070247933884295,3,1,480
musinsa,2584505,다이브인 저분자 히알루론산 토너 300ml,토너,torriden,1223,4.929681112019624,0,3,1220
musinsa,2585005,[SET] 다이브인 저분자 히알루론산 크림 80ml+수딩크림 80ml (+수딩크림 20ml),기타,torriden,588,4.914965986394558,2,1,585
musinsa,2587472,포스트 알파 퍼스트 쿨링 패드 70매,기타,cellfusionc,1301,4.905457340507302,4,9,1288
musinsa,2591029,릴렉스데이 풋 필링 마스크 아기발 팩 5매,기타,village11factory,20,4.75,1,0,19
musinsa,2604259,"워터/피치 베어 선 (SPF 50+, PA++++)",기타,toocoolforschool,114,4.9035087719298245,0,1,113
musinsa,2605792,[증정] 무향 100시간 보습 세라마이드 아토 로션 350ml 2입,기타,illiyoon,957,4.943573667711599,0,0,957
musinsa,2611719,정수리 냄새 고민해결 두피각질 티트리 스케일러 250ml,기타,steambase,122,4.745901639344262,1,2,119
musinsa,2616586,DMT 바디로션 400ml+추가증정,기타,physiogel,123,4.934959349593496,0,1,122
musinsa,2626564,프레쉬모이스춰 바디워시 500ml 2입,기타,illiyoon,105,4.923809523809524,1,0,104
musinsa,2626804,헤이지그린 바디스프레이 250ml,기타,duftndoft,33,4.818181818181818,0,1,32
musinsa,2632600,아쿠아 오아시스 토너 300ml,토너,snature,3384,4.921394799054373,4,6,3374
musinsa,2633306,[대용량] 아쿠아 스쿠알란 수분크림 80ml,수분크림,snature,1949,4.9071318624935865,1,10,1938
musinsa,2637406,어반쉐이드 쿨카밍 선스틱 SPF50+ PA++++ 20g,선크림,dewytree,1525,4.8563934426229505,4,5,1516
musinsa,2638240,[2EA] 아쿠아 콜라겐 펩타이드 EX 멀티 크림 80ml(토너 9ml 증정),토너,dewytree,3119,4.879448541199102,7,13,3099
musinsa,2640858,탈모증상완화 샴푸 두피강화 (본품+리필) 400ml 2입 기획 + 증정,기타,laboh,1478,4.90595399188092,2,9,1467
musinsa,2645189,퓨어 블록 아쿠아 선 젤 이엑스(EX) 50ml,기타,apieu,19,4.947368421052632,0,0,19
musinsa,2650954,[2개 세트]레이지블랑 바디스프레이 250ml,기타,duftndoft,142,4.873239436619718,0,1,141
musinsa,2652539,아보카도 네일&큐티클 오일X2개,기타,withshyan,32,4.78125,0,1,31
musinsa,2668649,데미지 테라피 샴푸 EX 500ml,기타,growus,69,4.72463768115942,0,2,67
musinsa,2676933,클린 페이스 솔리드 미스트 카밍,미스트,laundryou,57,4.666666666666667,1,1,55
musinsa,2703984,EGF 스케일링 모이스처 풋 크림  130g,기타,medipeel,157,4.840764331210191,0,1,156
musinsa,2709322,블랙티앤피그 소프트닝 헤어오일 40ml,기타,longtake,67,4.895522388059701,0,0,67
musinsa,2710029,딥 데미지 트리트먼트 EX 대용량 320ml (텐더블룸/웜페탈),기타,unove,416,4.913461538461538,0,1,415
musinsa,2720512,오리지널컬렉션 바디오일 250ml 2입 (옵션),기타,happybath,74,4.783783783783784,0,1,73
musinsa,2721531,셋 앤 킵 스프레이 슈퍼하드 263ml 3개,기타,gatsby,73,4.958904109589041,0,0,73
musinsa,2725216,[SET] 다이브인 저분자 히알루론산 크림 80ml x 2개 [총 160ml] (+다이브인 크림 20ml),기타,torriden,2944,4.942595108695652,2,6,2936
musinsa,2757203,바디워시 바디로션 2 pack (샌달우드/블랙티앤피그),기타,longtake,29,4.931034482758621,0,0,29
musinsa,2775186,어드밴스드 더 비타민씨 23 세럼,세럼,cosrx,2904,4.823691460055096,15,46,2843
musinsa,2782655,[무신사단독] 1025 독도 선크림 50ml (+클렌저 40ml),선크림,roundlab,1523,4.917925147734734,2,3,1518
musinsa,2790518,시카 케라틴 샴푸 285ml,기타,truelab,46,4.956521739130435,0,0,46
musinsa,2790676,헤어 리페어 비타민 트리트먼트 200ml,기타,truelab,20,4.9,0,0,20
musinsa,2797063,[탈모케어] 바이옥실 안티 헤어로스 트리트먼트 200mlx2개,기타,manyofactory,59,4.9491525423728815,0,0,59
musinsa,2822853,[무신사단독] 포 맨 1025 독도 올인원 플루이드 200ml (+독도 클렌저 40ml 증정),기타,roundlab,2627,4.906737723639132,4,11,2612
musinsa,2867744,[+지우개패드2매 증정]노니 에너지 앰플 미스트 50ml,세럼,celimax,85,4.847058823529411,1,1,83
musinsa,2875521,[2PACK]  워터 스플래쉬 선크림 세라마이드,선크림,espoir,402,4.907960199004975,0,1,401
musinsa,2907135,시어버터 앤 마카다미아 퓨어 핸드크림 50ML 3구 세트,기타,kundal,45,4.866666666666666,0,0,45
musinsa,2908831,프리미엄 볼륨 앤 리페어 샴푸 450ml,기타,tsubaki,54,4.777777777777778,0,2,52
musinsa,2919497,세라마이드 아토 6.0 탑투토워시 500ml 2입,기타,illiyoon,168,4.940476190476191,0,0,168
musinsa,2959816,[SET] 다이브인 저분자 히알루론산 세럼 50ml+40ml (+시카컨트롤세럼 10ml),세럼,torriden,13208,4.937235009085403,10,25,13173
musinsa,2959830,[SET] 다이브인 무기자차 마일드 선크림 60ml x 2개 (+모이스처 선크림 20ml),선크림,torriden,875,4.892571428571428,1,3,871
musinsa,2964736,스타일 세팅 픽서,기타,obge,95,4.778947368421052,0,1,94
musinsa,2982668,퍼퓸 핸드크림 INSPIRE,기타,yugen,167,4.916167664670659,0,1,166
musinsa,2996090,밸런스풀 시카 진정 크림 80ml,기타,torriden,1419,4.902043692741367,4,4,1411
musinsa,3004075,(사용기한26년9월19일) 베리 생기 선크림 50ml SPF50+ PA++++,선크림,skinfood,74,4.878378378378378,0,0,74
musinsa,3025412,아르간 에센셜 딥케어 헤어팩 470ml(대용량),기타,naturerepublic,28,4.928571428571429,0,0,28
musinsa,3025489,아르간 에센셜 딥케어 샴푸 1000ml,기타,naturerepublic,19,5.0,0,0,19
musinsa,3032806,RC TR BB102 BLACK 선글라스,기타,reclow,287,4.902439024390244,0,0,287
musinsa,3039597,워터 스플래쉬 선크림 세라마이드 60ml SPF50+ PA++++,선크림,espoir,235,4.8808510638297875,0,1,234
musinsa,3049956,[2PACK]올 데이 에어리 선크림 50ml,선크림,klairs,68,4.955882352941177,0,0,68
musinsa,3063032,비건 릴리프 워터 에센스 선크림,선크림,hamel,294,4.976190476190476,0,0,294
musinsa,3094753,(1+1)레드 블레미쉬 수딩 업 선 스틱 21g,기타,drg,93,4.924731182795699,0,1,92
musinsa,3098201,[사은품 증정] (대용량) 레티놀 시카 흔적 앰플 50mL + 10mL 2개,세럼,innisfree,3035,4.8962108731466225,15,17,3003
musinsa,3098202,레티놀 시카 흔적 앰플 30mL,세럼,innisfree,1501,4.846768820786142,2,19,1480
musinsa,3101969,스위스 허벌 헤어 토닉 200ml+샴푸40ml,기타,rausch,134,4.947761194029851,0,0,134
musinsa,3101985,콜츠푸트 안티-댄드러프 샴푸 200ml+샴푸샤셰,기타,rausch,138,4.891304347826087,0,1,137
musinsa,3111134,울트라 홀드 스프레이 2개 세트,기타,obge,22,4.909090909090909,0,0,22
musinsa,3124226,에이시카 365 수분토너 pH4.5  200ml,토너,aestura,639,4.926447574334898,3,0,636
musinsa,3124238,에이시카 365 크림 pH4.5 60ml,기타,aestura,508,4.903543307086614,0,2,506
musinsa,3125556,아떼 뉴아워 리추얼 테라피 키트 (괄사+롤온),기타,athe,19,4.7894736842105265,0,0,19
musinsa,3131741,프로페셔널 디펜스 샴푸 베이직 기획,기타,beyond,56,4.803571428571429,1,1,54
musinsa,3162357,원더 히알루론산 촉촉 앰플 100ml(+히알루론산 마스크 증정),세럼,tonymoly,2003,4.896155766350474,2,7,1994
musinsa,3163177,세라마이드 모찌 토너 500ml(+모찌 에멀전30ml+화장솜 증정),토너,tonymoly,1217,4.9194741166803615,1,1,1215
musinsa,3164655,풋크림 55g 2개,기타,vaseline,54,4.888888888888889,0,0,54
musinsa,3172282,리지스트 레티놀 바디 트리트먼트 118ml,기타,paulaschoice,19,4.894736842105263,0,0,19
musinsa,3179506,[2pack] 맑은 어성초 진정 수분 선크림 (24AD) 50ml [증정] 클렌징오일20ml,선크림,goodal,137,4.9416058394160585,0,0,137
musinsa,3198642,맑은 어성초 진정 쿨링 선스틱 19g,선크림,goodal,107,4.803738317757009,2,0,105
musinsa,3200598,그루밍 토닉 100ml,기타,reuzel,636,4.916666666666667,0,0,636
musinsa,3202721,TYPE No.50 소울워터 핸드워시 350ml,기타,typeno,72,4.930555555555555,0,0,72
musinsa,3202723,TYPE No.91 원더바이브 핸드워시 350ml,기타,typeno,101,4.9405940594059405,0,0,101
musinsa,3211140,백미 톤업 선 쿠션,쿠션팩트,romand,68,4.735294117647059,1,1,66
musinsa,3232895,루트젠 뿌리볼륨 탈모전문케어 샴푸/트리트먼트 515ml (옵션),기타,ryo,350,4.8342857142857145,1,4,345
musinsa,3233451,[선물포장] 비건 에센셜 롤온&에센셜 괄사 세트,기타,liber,45,4.888888888888889,0,0,45
musinsa,3236203,워터 스플래쉬 선크림 프레쉬 시카 SPF50+ PA++++,선크림,espoir,49,4.836734693877551,0,0,49
musinsa,3298438,[SET] 다이브인 저분자 히알루론산 세럼 50ml+40ml+40ml (+다이브인 토너 50ml+멀티패드 10매입),토너,torriden,653,4.95405819295559,1,0,652
musinsa,3299021,바티스트 드라이샴푸 오리지널 50ml,기타,batiste,48,4.833333333333333,0,0,48
musinsa,3299051,바티스트 드라이샴푸 후레쉬 200ml,기타,batiste,24,4.833333333333333,0,0,24
musinsa,3299052,바티스트 드라이샴푸 오리지널 200ml,기타,batiste,46,4.826086956521739,0,0,46
musinsa,3308940,블랙라이스 퓨어 미네랄 릴리프 데일리 선스크린 SPF50+ 50ml,기타,haruharuwonder,20,5.0,0,0,20
musinsa,3308974,블랙라이스 모이스처 에어리핏 데일리 선스크린 SPF50+ 50ml,기타,haruharuwonder,22,4.909090909090909,0,0,22
musinsa,3312904,아쿠아 365 유브이 선크림 40ml,선크림,snature,619,4.9176090468497575,1,1,617
musinsa,3315832,마이 퍼퓸드 바디 로션 330mL (3종 택1),기타,innisfree,307,4.905537459283388,0,2,305
musinsa,3316501,더마UV365 장벽수분 무기자차 선크림 40ml,선크림,aestura,569,4.899824253075571,0,5,564
musinsa,3317080,포어제로 오일 컨트롤 선스틱 + 오일컨트롤 페이퍼 1개,선크림,obge,1218,4.900656814449918,4,5,1209
musinsa,3317081,포어제로 오일 컨트롤 선스틱 2개 세트,선크림,obge,448,4.897321428571429,1,1,446
musinsa,3317329,[7종향] 세라 트리트먼트 1200ml 2개 (듀얼 파우치 증정),기타,milkbaobab,45,5.0,0,0,45
musinsa,3324516,그린티 허니드롭스 바디크림 500ml,기타,elizabetharden,64,4.890625,0,0,64
musinsa,3325625,노스카나인 트러블 바디 워시 490ml,기타,fation,540,4.857407407407408,3,9,528
musinsa,3327084,서큘레이팅 바디오일 주니퍼베리 & 진저 100ML,기타,aromatica1,42,4.904761904761905,0,0,42
musinsa,3327090,어웨이크닝 바디오일 페퍼민트 & 유칼립투스 100ML,기타,aromatica1,320,4.871875,0,6,314
musinsa,3327135,임브레이스 바디오일 네롤리 & 패츌리 100ML,기타,aromatica1,35,4.885714285714286,0,0,35
musinsa,3327139,서렌 바디오일 라벤더 & 마조람 100ML,기타,aromatica1,122,4.852459016393443,0,0,122
musinsa,3327221,로즈마리 올인원 헤어 & 바디로션 300ML,기타,aromatica1,32,4.6875,1,1,30
musinsa,3327223,슈가 바디 스크럽 바질 & 버가못,기타,aromatica1,49,4.918367346938775,0,0,49
musinsa,3327230,(탈모 기능성) 로즈마리 스칼프 스케일링 샴푸 500ML (리필),기타,aromatica1,60,4.866666666666666,0,0,60
musinsa,3327231,(탈모 기능성) 대용량 로즈마리 스칼프 스케일링 샴푸 750ML,기타,aromatica1,540,4.898148148148148,1,1,538
musinsa,3327235,(탈모샴푸/쿨링감&진정) 티트리 퓨리파잉 샴푸 500ML (리필),기타,aromatica1,92,4.9021739130434785,0,0,92
musinsa,3327236,(탈모샴푸/쿨링감&진정) 대용량 티트리 퓨리파잉 샴푸 750ML 대용량,기타,aromatica1,268,4.884328358208955,0,2,266
musinsa,3327244,아로마 바디오일 & 돌고래 바디 괄사 세트 (5종 중 택1),기타,aromatica1,125,4.912,0,0,125
musinsa,3327458,[무신사단독] [2pack] 소나무 진정 시카 바디 미스트 150ml,미스트,roundlab,1180,4.948305084745763,1,4,1175
musinsa,3333368,[SET] 다이브인 모이스처 선크림 60ml x 2개 (+선세럼 20ml),선크림,torriden,679,4.888070692194404,1,4,674
musinsa,3339089,마스크 오브 매그너민티 125g - 파워 마스크/페이스 앤 바디 마스크 팩,기타,lush,369,4.926829268292683,2,1,366
musinsa,3341420,대디-오 250g - 샴푸,기타,lush,34,4.882352941176471,0,1,33
musinsa,3341580,수퍼 밀크 100g - 컨디셔닝 헤어 프라이머,기타,lush,418,4.880382775119617,1,4,413
musinsa,3341596,수퍼 밀크 250g - 컨디셔닝 헤어 프라이머,기타,lush,424,4.882075471698113,1,4,419
musinsa,3341761,더티 스프링워시 250g - 샤워 젤/바디 워시,기타,lush,21,4.857142857142857,0,0,21
musinsa,3341811,더티 스프링워시 500g - 샤워 젤/바디 워시,기타,lush,23,5.0,0,0,23
musinsa,3341873,슬리피 200ml - 바디 스프레이(트와일라잇),기타,lush,258,4.903100775193798,1,0,257
musinsa,3342543,더티 스프링워시 100g - 샤워 젤/바디 워시,기타,lush,21,4.904761904761905,0,0,21
musinsa,3354164,[포맨]얼티밋 올인원 선 로션 100ml,기타,manyofactory,25,4.84,0,0,25
musinsa,3359647,빅 330g - 샴푸,기타,lush,31,4.838709677419355,0,0,31
musinsa,3360741,케어 톤업,기타,nuse,146,4.7534246575342465,1,1,144
musinsa,3363941,컵 오 커피 130g - 페이스 앤 바디 마스크/마스크 팩,기타,lush,18,4.888888888888889,0,0,18
musinsa,3365040,럽 럽 럽 330g - 보디 스크럽,기타,lush,27,4.851851851851852,0,0,27
musinsa,3373309,[SET] 다이브인 저분자 히알루론산 스킨부스터 200ml  x 2개,기타,torriden,354,4.937853107344632,0,0,354
musinsa,3376834,바디워시 젠틀스크럽 1L 2개,기타,dove,33,4.9393939393939394,0,0,33
musinsa,3376843,바디워시 뷰티너리싱 1L 2개,기타,dove,484,4.921487603305785,1,0,483
musinsa,3377047,핸드워시 딥너리싱 본품240ml+리필430ml,기타,dove,440,4.943181818181818,0,0,440
musinsa,3385591,루츠 225g - 두피 트리트먼트,기타,lush,28,4.892857142857143,0,0,28
musinsa,3385942,대디-오 100g - 샴푸,기타,lush,32,4.9375,0,0,32
musinsa,3386777,뷰티 슬립 125g - 페이스 앤 바디 마스크/마스크 팩,기타,lush,19,4.894736842105263,0,0,19
musinsa,3386963,슬리피 95g - 바디 로션,기타,lush,44,4.954545454545454,0,0,44
musinsa,3386968,슬리피 215g - 바디 로션,기타,lush,26,5.0,0,0,26
musinsa,3390512,떡짐없는 앞머리고정 컬링 매트 볼륨 헤어픽서 200ml,기타,miseenscene,48,4.8125,1,0,47
musinsa,3393804,수딩 알로에 베라 젤 500ML,기타,aromatica1,825,4.903030303030303,3,4,818
musinsa,3393805,수딩 알로에 베라 젤 500ml (리필),기타,aromatica1,119,4.957983193277311,1,0,118
musinsa,3393817,[모근영양 헤어토닉] 로즈마리 루트 인핸서 100ML (리필),기타,aromatica1,186,4.940860215053763,0,0,186
musinsa,3393822,[탈모기능성/영양&윤기] 퀴노아 프로틴 샴푸 400ML,기타,aromatica1,19,4.894736842105263,0,0,19
musinsa,3412120,[2개선택] 대용량 퍼퓸 핸드로션 280ml,기타,wdressroom,91,4.934065934065934,0,0,91
musinsa,3414752,원더 베지 톤업 선크림 SPF50+ PA++++ 50ml,선크림,hersteller,32,4.78125,0,1,31
musinsa,3417360,비건 에어핏 선크림 50ml 듀오,선크림,melixir1,51,4.862745098039215,0,1,50
musinsa,3417533,비건 립 버터 듀오,기타,melixir1,782,4.900255754475704,1,3,778
musinsa,3431986,로즈마리 솔트 스크럽 샴푸 300G,기타,aromatica1,25,4.92,0,0,25
musinsa,3435581,비타민 B9 톤업 미백 크림 2개 세트,기타,naturaldermaproject,22,4.863636363636363,0,0,22
musinsa,3445832,[유통기한 임박특가] 슈퍼살롱 스타일업 컬 크림 100ml,기타,saranara,119,4.831932773109243,0,0,119
musinsa,3454101,비타티놀 세럼 30g *2,세럼,primera,277,4.866425992779783,2,4,271
musinsa,3456585,퍼펙트 오리지널 세럼 80ml+엉킴 제로 노워시 트리트먼트 150ml SET,세럼,miseenscene,26,4.961538461538462,0,0,26
musinsa,3462426,퍼퓸 버블 대용량 핸드워시 515ml 2개입 선물세트,기타,hetrasbeauty,386,4.8782383419689115,0,3,383
musinsa,3462671,"파데프리 세럼 선 쿠션 (SPF50+, PA++++)",쿠션팩트,marshique,62,4.645161290322581,1,3,58
musinsa,3489835,"자몽워터샴푸 1,500ml",기타,moo100,107,4.897196261682243,0,0,107
musinsa,3505072,[SET] 다이브인 저분자 히알루론산 토너 300ml  x  2개 (+다이브인 크림 20ml),토너,torriden,1644,4.937956204379562,0,0,1644
musinsa,3509728,아토베리어365 하이드로 에센스 200ml,기타,aestura,1514,4.933949801849406,1,3,1510
musinsa,3554399,바이오 워터리 선크림 50mL SPF50+ PA++++,선크림,tocobo,197,4.9238578680203045,1,0,196
musinsa,3554409,코튼 소프트 선스틱 19g SPF50+ PA++++,선크림,tocobo,381,4.853018372703412,4,2,375
musinsa,3554412,비타 베리 포어 토너 150mL (+시카선세럼10ml증정),토너,tocobo,163,4.8343558282208585,0,2,161
musinsa,3554527,비타 톤업 선크림 50mL SPF50+ PA++++,선크림,tocobo,479,4.818371607515657,5,4,470
musinsa,3558614,실드핏 퓨어 선크림 50ml SPF 50+ PA+++(유통기한 27-06-26),선크림,mixsoon,32,4.875,0,0,32
musinsa,3558668,퓨어락토 이너클렌저 200ml(유통기한 27-04-16),기타,mixsoon,29,4.931034482758621,0,0,29
musinsa,3578031,[SET] 다이브인 저분자 히알루론산 수딩크림 80ml X 2개 (+다이브인 세럼 20ml),세럼,torriden,2141,4.94161606725829,5,7,2129
musinsa,3641330,멜로우니스 바디오일 매그놀리아 & 샌달우드 100ML,기타,aromatica1,134,4.902985074626866,0,1,133
musinsa,3653694,마이 퍼퓸드 핸드크림 30mL (7종 택1),기타,innisfree,419,4.871121718377088,2,5,412
musinsa,3653741,마이 퍼퓸드 바디 헤어 미스트 100mL (3종 택1),미스트,innisfree,59,4.898305084745763,0,0,59
musinsa,3674930,다이브인 저분자 히알루론산 수딩크림 80ml,기타,torriden,463,4.913606911447085,1,2,460
musinsa,3681267,벨벳살롱 프로틴밤 퍼퓸 단백질 가득 샴푸 / 트리트먼트 500ml,기타,saranara,296,4.885135135135135,0,2,294
musinsa,3685238,데일리 모이스처 푸딩 크림 50ml,기타,ilso,219,4.858447488584475,1,3,215
musinsa,3687435,비건 샴푸 퓨어릴리 730ml + 클린노트 바디워시 180ml 추가 증정,기타,alpist,25,4.68,0,1,24
musinsa,3687456,비건 트리트먼트 베이비파우더 730ml + 클린노트 바디워시 180ml 증정,기타,alpist,37,4.783783783783784,0,0,37
musinsa,3687473,비건 트리트먼트 퓨어릴리 730ml + 클린노트 바디워시 180ml 증정,기타,alpist,71,4.901408450704225,0,1,70
musinsa,3687686,비건 바디로션 베이비파우더 730ml + 클린노트 바디워시 180ml 추가증정,기타,alpist,40,4.75,0,2,38
musinsa,3687745,비건  바디로션 퓨어릴리 730ml + 클린노트 바디워시 180ml 추가증정,기타,alpist,21,4.666666666666667,1,1,19
musinsa,3688320,항균 풋샴푸 오리지널 410ML 2개 구성 + 랩신 손소독티슈 증정,기타,labccin,29,4.931034482758621,0,0,29
musinsa,3705642,제스티 핸드솝 그레이프프룻 & 탠저린 300ML,기타,aromatica1,111,4.936936936936937,0,1,110
musinsa,3735492,마이 퍼퓸드 핸드크림 30mL 3개 (7종 택1),기타,innisfree,59,4.932203389830509,0,0,59
musinsa,3735818,[증정] 무향 100시간 보습 세라마이드 아토 로션 564ml 2입,기타,illiyoon,688,4.96656976744186,0,0,688
musinsa,3744029,엔젤 아쿠아 수딩젤 200ml 1+1 기획세트,기타,beyond,17,4.882352941176471,0,0,17
musinsa,3748858,[무신사 단독] [2pack] 소나무 진정 시카 앰플 대용량 50ml (+동백 선세럼 7ml + 소나무 마스크 1매),세럼,roundlab,2004,4.916666666666667,3,9,1992
musinsa,3763120,광채 퍼퓸 헤어 미스트 130ml [금목서향],미스트,lador,130,4.776923076923077,2,2,126
musinsa,3764779,[SET] 어드밴스드 더 비타민씨 23 세럼 20g x 2개,세럼,cosrx,1747,4.870635374928448,7,12,1728
musinsa,3768526,(잔머리.앞머리.가르마 정리) 픽스 디테일 헤어 마스카라 15 ml,마스카라,chahong,299,4.842809364548495,0,3,296
musinsa,3775064,비건 핸드크림 3개 골라담기,기타,kamill,919,4.931447225244831,1,5,913
musinsa,3794774,세라마이드 아토 수딩젤 175ml 2입,기타,illiyoon,44,4.931818181818182,0,0,44
musinsa,3794933,MD 레드이치 케어크림 330ml,기타,illiyoon,192,4.916666666666667,0,0,192
musinsa,3796683,스타일 업 헤어 스프레이 300ml,기타,thefaceshop,50,4.84,0,0,50
musinsa,3799557,[바디클렌저]페퍼민트 퓨어 캐스틸 솝 950ml,기타,drbronners,779,4.943517329910141,2,0,777
musinsa,3802486,[3PACK]베이비마일드 오가닉 립밤 4g,기타,drbronners,68,4.911764705882353,0,0,68
musinsa,3802520,레스온스킨 밸런시즘 비건 에멀젼,기타,holikaholika,18,4.944444444444445,0,0,18
musinsa,3814783,크림스컴트루 스쿠알란 배리어 리페어크림 50ml,기타,demaf,272,4.926470588235294,0,0,272
musinsa,3816288,코튼풋 발을씻자 풋샴푸 리필 자몽 500ml 3개,기타,onthebody,94,4.9787234042553195,0,0,94
musinsa,3823529,[2개] 스킨 베리어 카밍 로션 EX 220ml,기타,ongredients,537,4.890130353817504,3,1,533
musinsa,3828076,화이트닝 드레스 미백 톤업 크림 2개,기타,cosnori,414,4.927536231884058,0,0,414
musinsa,3874820,[페이스&바디클렌저]티트리 퓨어 캐스틸 솝 950ml,기타,drbronners,1037,4.922854387656702,8,2,1027
musinsa,3879007,"살롱집 단백질 리차징 샴푸 1,000g",기타,jsm,45,4.933333333333334,0,0,45
musinsa,3883040,오어스 트리플 레이어 히알루론시카 7초 앰플 105ml,세럼,tonefitsun,138,4.920289855072464,0,0,138
musinsa,3884317,선데이 보라 톤업 선 세럼 55ml [SPF50+/PA++++],세럼,editb,181,4.767955801104972,1,2,178
musinsa,3901580,어니언 프레쉬 라이트 선 스틱 22g,기타,isntree,76,4.7105263157894735,1,3,72
musinsa,3912658,아토베리어365 크림미스트 120ML,미스트,aestura,647,4.893353941267388,0,3,644
musinsa,3938021,[손상모 전용] 케라마이드 극손상 울트라 리페어 트리트먼트 1L + 샴푸 180ml 추가증정구성,기타,kerasys,394,4.878172588832487,2,1,391
musinsa,3951459,더마UV365 장벽수분 무기자차 선크림 40ml *2,선크림,aestura,145,4.944827586206896,0,1,144
musinsa,3956566,[코튼 비누향]클린노트 파우더리 코튼 바디로션 500ml + 바디워시 180ml 증정,기타,kerasys,34,4.852941176470588,0,2,32
musinsa,3975534,톤업 워터링 선스크린 SPF50+ PA4+ 60mL 2개,기타,innisfree,21,4.9523809523809526,0,0,21
musinsa,4002714,베드타임 로션 500ml x2,기타,johnsons,431,4.909512761020881,0,0,431
musinsa,4004114,베드타임 오일500ml x2,기타,johnsons,34,4.823529411764706,0,0,34
musinsa,4004947,스트레스 릴리프 로션 354ml x2,기타,aveeno,68,4.838235294117647,0,2,66
musinsa,4020548,데일리 스트레스 릴리프 바디워시 532ml x2,기타,aveeno,23,5.0,0,0,23
musinsa,4021541,"글램 스타일링 픽서 200ml, 2개",기타,daleaf,37,4.8108108108108105,1,1,35
musinsa,4049620,[2PACK]서플 프레퍼레이션 올 오버 로션 250ml,기타,klairs,21,4.9523809523809526,0,0,21
musinsa,4056737,사이토카인 탈모증상완화 두피앰플 초고농축 이펙터 15ml,세럼,refilled,175,4.742857142857143,1,8,166
musinsa,4057131,노스카나인 트러블 바디 미스트 35ml  x 2ea,미스트,fation,144,4.875,1,2,141
musinsa,4061945,(진정젤) 수딩 알로에 베라 젤 180ML,기타,aromatica1,383,4.885117493472585,1,5,377
musinsa,4064526,제주 해수 메가 홀드 스프레이 100ml,기타,grafen,39,5.0,0,0,39
musinsa,4068966,1번 판토텐산 액티브업 수딩세럼 50ml,세럼,numbuzin,333,4.921921921921922,0,2,331
musinsa,4069040,1번 청초 진정맑은 물막선크림 50ml SPF50+ PA++++,선크림,numbuzin,166,4.963855421686747,0,1,165
musinsa,4069583,1번 진정 맑게담은 청초토너 300ml,토너,numbuzin,369,4.899728997289973,3,1,365
musinsa,4074501,[2pack] 맑은 어성초 진정 무기자차 선크림 50ml [증정] 클렌징오일20ml,선크림,goodal,27,4.888888888888889,0,0,27
musinsa,4082260,[2pack] 청귤 비타C 세럼 미스트 100ml,세럼,goodal,29,4.931034482758621,0,0,29
musinsa,4095287,민감두피 탄산거품 탈모 완화 샴푸 500ML + 비오틴 워터 트리트먼트 200ML 추가 증정,기타,blackforet,24,4.708333333333333,0,2,22
musinsa,4096327,두피강화 캡슐 트리트먼트 220ml,기타,laboh,186,4.935483870967742,0,0,186
musinsa,4096340,두피강화 헤어라인 앰플 탈모증상완화 15ml,세럼,laboh,214,4.775700934579439,1,7,206
musinsa,4096344,두피강화클리닉 쿨링&노세범 샴푸 400ml 2pack +  증정,기타,laboh,304,4.930921052631579,0,0,304
musinsa,4096461,살롱10 단백질 에센스팩 990ml (손상모/극손상모)+샴푸30ml+샤쉐 증정,기타,miseenscene,943,4.923647932131495,1,2,940
musinsa,4096616,트리트먼트바 2개,기타,donggubat,68,4.823529411764706,0,1,67
musinsa,4101773,시카 카밍 아쿠아 패드 60매  (+시카선세럼10ml증정),세럼,tocobo,27,4.777777777777778,1,0,26
musinsa,4108584,마데카소사이드 수분 흔적 리페어 세럼 40ml,세럼,mediheal,852,4.767605633802817,8,15,829
musinsa,4114590,비건ㅊㅋㅊㅋ바  (올인원 바 + 양초 선물 패키지),기타,donggubat,29,4.896551724137931,0,0,29
musinsa,4136438,알로에 리바이탈라이징 수딩젤 300mL,기타,innisfree,51,4.862745098039215,0,0,51
musinsa,4137230,시카 아크네 클리어 바디워시 400ml 2pack,기타,illiyoon,188,4.861702127659575,1,0,187
musinsa,4144561,맨즈 톤 컨트롤 커버로션 65ml (+아쿠아 올인원 로션 30ml 증정),기타,dashu,227,4.8766519823788546,2,1,224
musinsa,4145748,티트리 90 클리어 바디 미스트 200ml * 2EA,미스트,essenherb,19,5.0,0,0,19
musinsa,4148708,티트리 딥클린 스칼프 샴푸 500ml+500ml,기타,essenherb,32,4.78125,0,0,32
musinsa,4161811,수퍼 판테놀 리페어 크림 70ml,기타,missha,57,4.9298245614035086,0,0,57
musinsa,4167200,마다가스카르 센텔라 티트리카 수딩 선 밀크 50ml,기타,skin1004,20,4.75,0,1,19
musinsa,4174765,[2개] 퓨어 블록 아쿠아 선 젤 이엑스(EX) 50ml*2,기타,apieu,35,4.714285714285714,1,0,34
musinsa,4192169,[화잘먹 촉촉DUO] 스킨 베리어 카밍 로션 EX 220ml + 스킨 베리어 카밍 소프너 250ml,기타,ongredients,132,4.886363636363637,0,1,131
musinsa,4192693,시카 카밍 세럼 50mL  (+시카선세럼10ml증정),세럼,tocobo,25,4.76,1,0,24
musinsa,4197237,[2개] 민트 스칼프 헤어 식초 200ml*2,기타,apieu,943,4.913043478260869,1,2,940
musinsa,4200146,미남크림 화이트닝 남자 톤업크림 50ml 2개입,기타,mip,20,4.9,0,0,20
musinsa,4229925,호텔테라피 퍼퓸 대용량 바디워시 1013ml,기타,hetrasbeauty,848,4.878537735849057,4,5,839
musinsa,4234036,호텔 테라피 퍼퓸 대용량  바디로션 1013ml,기타,hetrasbeauty,1024,4.86328125,4,7,1013
musinsa,4238369,마스크 핏 쿨 선 쿠션 (+ 퍼프2P/샤쉐 증정),쿠션팩트,tirtir,73,4.739726027397261,0,3,70
musinsa,4240698,퍼퓸 버블 대용량 핸드워시 515ml 5종 선물세트,기타,hetrasbeauty,183,4.918032786885246,0,2,181
musinsa,4243146,울트라 라이트 인비저블 선세럼 50ml  SPF50+ PA++++,세럼,cosrx,205,4.829268292682927,3,3,199
musinsa,4243218,울트라 라이트 인비저블 선세럼 50ml x 2개,세럼,cosrx,167,4.916167664670659,0,1,166
musinsa,4255189,[휴대용 가습기] 산리오 헬로키티 리프레셔 수분 충전 미스트 4 in 1,미스트,geske,19,4.7894736842105265,0,0,19
musinsa,4258330,바디 에멀전 타입 R 프라그란트 보틀 300ml,기타,abib,57,4.9298245614035086,0,0,57
musinsa,4259368,임산부 튼살 예방 탄력 비건 크렘 벨리,기타,nothingfitsbut,23,4.869565217391305,0,0,23
musinsa,4265743,[강력고정/24시간 지속력] 포뷰트 프리즈 헤어 스프레이 200ml,기타,forbeaut,284,4.933098591549296,0,0,284
musinsa,4265746,[강력고정/24시간 지속력] 포뷰트 프리즈 헤어 스프레이 100ml,기타,forbeaut,27,4.888888888888889,0,0,27
musinsa,4268756,라즈베리 샤인 헤어 식초 (윤기케어) 400ml 3개 (+50ml 1개 증정),기타,yvesrocher,144,4.909722222222222,1,0,143
musinsa,4269127,멀티 유즈 바디 퍼퓸 스프레이 200ml 2종(내추럴/프레쉬),기타,grafen,114,4.833333333333333,0,4,110
musinsa,4281794,율무 선크림 SPF 50+ PA++++,선크림,glow,22,4.954545454545454,0,0,22
musinsa,4307309,퍼펙트 매직 스트레이트 세럼 80ml,세럼,miseenscene,255,4.776470588235294,2,7,246
musinsa,4307430,퍼펙트 매직 스트레이트 세럼 샴푸 530ml,세럼,miseenscene,240,4.8625,1,0,239
musinsa,4307508,[10ml 추가 증정] 레이저 UV 썬스크린 50ml+50ml,기타,cellfusionc,624,4.9375,1,1,622
musinsa,4341166,[무신사단독] [SET] 소나무 진정 시카 샴푸 400ml + 바디 워시 400ml (+샴푸 8ml 증정),기타,roundlab,602,4.9634551495016614,0,1,601
musinsa,4351079,살롱집 스칼프 리뉴잉 헤어 토닉 (워터트리트먼트30ml+ 살롱집스칼프리뉴잉샴푸 3열샤섀 증정),기타,jsm,27,4.814814814814815,1,0,26
musinsa,4353586,헤어리프팅 엑스트라 스트롱 475ml,기타,grabity,288,4.878472222222222,0,4,284
musinsa,4357930,헤어리프팅 스트롱 475ml  탈모샴푸,기타,grabity,118,4.864406779661017,0,2,116
musinsa,4362324,비건 팩스크럽 210g 3종택1,기타,whipped,166,4.9156626506024095,0,0,166
musinsa,4362460,비건 토핑 바디버터 190g (3종 택1),기타,whipped,224,4.821428571428571,0,3,221
musinsa,4385080,비터버터 바디워시 500ml & 바디로션 400ml 세트,기타,arwe,193,4.9067357512953365,1,0,192
musinsa,4412828,헤어 큐어 마스크 100ml,기타,curlyshyll,73,4.863013698630137,1,0,72
musinsa,4426280,히알루론 하이드레이팅 선크림 50ml,선크림,manyofactory,36,4.972222222222222,0,0,36
musinsa,4427853,[유통기한임박:26년8월] 프리미엄 비타 듀얼 앰플 3.7 (2ml x 10ea),세럼,drvita,57,4.7894736842105265,1,2,54
musinsa,4428169,보로탈코 벨벳팅 바디크림 150ml (2 pack),기타,borotalco,690,4.901449275362319,2,4,684
musinsa,4431245,[보이넥스트도어 PICK] 헤어 바디 퍼퓸 미스트 100ml 월넛크릭그린,미스트,bibiang,761,4.854139290407359,5,7,749
musinsa,4453499,[토우세퍼레이터 증정] 네일스파 스팀 큐티클 오일,기타,bandi,24,5.0,0,0,24
musinsa,4456293,화이트 홀릭 퀵 화이트닝 톤업크림 50ml,기타,wlab,21,4.809523809523809,1,0,20
musinsa,4457986,화이트 홀릭 어웨이크닝 토닝 업 크림 50ml,기타,wlab,24,4.916666666666667,0,0,24
musinsa,4461242,하이퍼 핏 컬러 밤 10g,기타,feev,95,4.726315789473684,0,1,94
musinsa,4464480,[2개] 녹두 모공 타이트업 수딩크림 60ml (증정: 녹두 세럼 15ml),세럼,beplain,176,4.880681818181818,2,1,173
musinsa,4469656,퓨어 블록 톤업 선 쿠션 11g (SPF50+),쿠션팩트,apieu,43,4.813953488372093,0,0,43
musinsa,4485242,[보이넥스트도어 PICK] 니치퍼퓸 핸드크림 월넛크릭그린,기타,bibiang,497,4.9195171026156945,1,1,495
musinsa,4485427,소나무 진정 시카 두피 앰플 15ml,세럼,roundlab,138,4.818840579710145,1,5,132
musinsa,4502057,[콜라보] 블랙헤드 세라마이드 유자 힐링 클렌징 밤 135ml+여행용 10g+헤어핀 굿즈,기타,irecipe,115,4.973913043478261,0,0,115
musinsa,4502319,샌달우드/블랙티앤피그 헤어오일 40ml,기타,longtake,106,4.877358490566038,0,2,104
musinsa,4504075,퍼퓸 바디 스프레이 200ml 4종 중 택1 (로즈/오션/레더/우디 향),기타,deeperence,87,4.850574712643678,1,0,86
musinsa,4520321,페이스 앤 바디바 (온 더 브리즈) 100g,기타,wkly,19,5.0,0,0,19
musinsa,4525441,[2개] 라즈베리 헤어 식초(리필용) 400ml*2,기타,apieu,333,4.921921921921922,1,0,332
musinsa,4541868,(탈모 기능성) 로즈마리 스칼프 스케일링 샴푸 180ML,기타,aromatica1,28,4.964285714285714,0,0,28
musinsa,4542162,수딩 알로에 베라 젤 300ML,기타,aromatica1,97,4.907216494845361,0,0,97
musinsa,4542219,로즈마리 드라이 샴푸 파우더 10G,기타,aromatica1,91,4.835164835164835,0,2,89
musinsa,4546851,선글로스 글로우업 무기자차 선크림 오리지널 50ml,선크림,demaf,124,4.903225806451613,0,1,123
musinsa,4559131,[프레시샴푸70ml] 모발빠짐감소 뿌리볼륨개선 폴리젠 바이오3 샴푸 500mlX2,기타,drforhair,267,4.910112359550562,1,1,265
musinsa,4559156,모발빠짐감소 뿌리볼륨개선 폴리젠 바이오3 샴푸 500ml,기타,drforhair,25,4.92,0,0,25
musinsa,4578977,시그니처 에센스,기타,tamz,51,5.0,0,0,51
musinsa,4579152,쉴드 100g - 프로텍팅 헤어 세럼,세럼,lush,84,4.940476190476191,0,0,84
musinsa,4582664,풋 케어 스틱 20g /발각질관리/풋크림/바디케어,기타,eunyul,34,4.794117647058823,0,0,34
musinsa,4606626,올팩션 헤어 오일 70mL(블랑쉬/라튤립/프리지아),기타,kerasys,58,4.810344827586207,0,1,57
musinsa,4613818,스노우화이트 인그로운헤어 에프터 왁싱 스크럽 500g,기타,beautyrecipe,40,4.975,0,0,40
musinsa,4619707,비건 밀크 선스크린,기타,ecolline,23,4.913043478260869,0,0,23
musinsa,4630506,[플로우윤 pick] [아떼X세터] 립 글로이 밤 (세터 콜라보 거울 키링 & 포장 박스 증정),기타,athe,576,4.833333333333333,3,5,568
musinsa,4637456,HDEX 바디스프레이 3종,기타,hadex,29,4.758620689655173,1,0,28
musinsa,4638313,퍼퓸 파우더 선팩트 12.5 (2color) + [증정] 미니 팩트,쿠션팩트,ipkn,29,4.758620689655173,0,1,28
musinsa,4641332,[콜라보] 세라마이드 유자 바이오 클렌징 오일 200ml+20ml+헤어핀 굿즈,클렌징오일,irecipe,136,4.9411764705882355,1,0,135
musinsa,4650498,[어성초 세럼 5ml 증정] 어성초 카밍 토너 스킨 부스터 200ml,토너,abib,694,4.854466858789626,7,2,685
musinsa,4657968,단백질 본드 워터 에센스 200ml 2개,기타,hairplus,57,4.947368421052632,0,0,57
musinsa,4667517,아토베리어365 세라-히알 속수분 앰플 30ml,세럼,aestura,239,4.920502092050209,0,0,239
musinsa,4673454,아쿠아티카 썬스크린 35ml 2pack,기타,cellfusionc,314,4.914012738853503,0,1,313
musinsa,4675319,딥 모이스처 퍼퓸드 핸드워시,기타,beyond,24,5.0,0,0,24
musinsa,4676940,그린 토마토 토너 250ml,토너,fully,26,4.923076923076923,0,0,26
musinsa,4686210,볼류마이징 PE 립밤 4g,기타,beigic,25,4.92,0,0,25
musinsa,4696710,핸드워시 300mL (4종 중 택1/+키링 핸드워시 30mL 증정),기타,pleuvoir,69,4.927536231884058,0,0,69
musinsa,4699473,때밀이 바디필링 살국수 때필링 300ml (택1),기타,lacvert,23,4.695652173913044,0,0,23
musinsa,4701719,레이저 UV 썬스크린 50ml,기타,cellfusionc,796,4.889447236180905,1,4,791
musinsa,4709019,산양유 바디로션 350ml 2개+바디로션 7ml 5개,기타,leivy,422,4.9052132701421804,1,1,420
musinsa,4718316,[2PACK] 클리어 바디 미스트 200ml,미스트,not4u,419,4.906921241050119,2,3,414
musinsa,4718354,[2PACK] 비건 선 바디 미스트 85ml,미스트,not4u,31,4.870967741935484,0,0,31
musinsa,4729828,(탈모샴푸) 레몬그라스 샴푸 1L,기타,aromatica1,42,4.785714285714286,0,0,42
musinsa,4730811,엑스트라오디네리 오일 실크 마스크 팩 250ml,기타,lorealparis,40,4.875,0,1,39
musinsa,4748847,노워시 트리트먼트바(탄력/손상) 2종 중 택 1,기타,toun28,20,4.9,0,0,20
musinsa,4749421,이지온 세미 오버핏 스트라이프 카라 반팔 니트 [아이보리],기타,workonbodyoff,429,4.9044289044289044,1,1,427
musinsa,4749432,이지온 세미 오버핏 스트라이프 카라 반팔 니트 [네이비],기타,workonbodyoff,149,4.939597315436242,0,0,149
musinsa,4769036,마다가스카르 센텔라 히알루-시카 워터핏 선 세럼 (대용량) 100ml,세럼,skin1004,122,4.918032786885246,0,0,122
musinsa,4787649,노스카나인 유브이 에이징 베리어 선세럼 40ml [SPF50+/PA++++],세럼,fation,28,4.75,0,1,27
musinsa,4789686,4주 솔루션 두피앰플 3SET,세럼,vivelab,176,4.886363636363637,0,2,174
musinsa,4789782,4주 솔루션 탈모 완화 초록샴푸 300ML 3SET,기타,vivelab,39,4.897435897435898,0,0,39
musinsa,4791073,[사은품 증정] (대용량) 그린티 씨드 히알루론산 크림 80mL + 15mL 2개 + 화산송이 폼 30g 1개,기타,innisfree,62,4.870967741935484,0,0,62
musinsa,4795889,레플리카 레이지 선데이 모닝 핸드크림 50ML,기타,maisonmargielaperfume,121,4.958677685950414,0,0,121
musinsa,4796530,워터 스플래쉬 선크림 세라마이드 30ml,선크림,espoir,26,4.961538461538462,0,0,26
musinsa,4798093,pomponne 038 hand cream,기타,coyseio,41,4.780487804878049,0,1,40
musinsa,4805682,네일&큐티클 오일펜 4종 세트 4ml x 4ea,기타,withshyan,121,4.851239669421488,0,1,120
musinsa,4812492,케라마이드 극손상 울트라 샴푸 + 트리트먼트 1L + 샴푸 180ML 추가증정 구성,기타,kerasys,42,4.904761904761905,0,0,42
musinsa,4823763,[2PACK] 바다포도 모공앰플 50mlX2개(+핑구에코백 증정),세럼,mommycare,569,4.820738137082601,3,7,559
musinsa,4831280,어린쑥 트러블 미스트 120ml,미스트,hanyul,56,4.928571428571429,0,0,56
musinsa,4833361,비타 워터프루프 선스틱 18g SPF50+ PA++++,선크림,tocobo,34,4.823529411764706,0,0,34
musinsa,4836510,오스몰250 수용성 마사지젤,기타,foellie,108,4.842592592592593,1,1,106
musinsa,4845118,플로라글로우 로즈 워터 토너 500ml,토너,mamonde,132,4.893939393939394,2,0,130
musinsa,4846606,리바이탈라이징 CE 선스크린 50ml SPF50+ PA++++,기타,beigic,33,4.818181818181818,0,0,33
musinsa,4855113,더 화이트 컬렉션 핸드크림 30mL (3종 중 택1),기타,pleuvoir,28,4.928571428571429,0,0,28
musinsa,4855219,히알루론산 프레쉬 선 세럼 50ml (증정: 어니언 톤업 선 10ml),세럼,isntree,190,4.863157894736842,0,3,187
musinsa,4858297,[수분광/파데프리] 비건 화이트 톤업 크림 50ml,기타,9wishes,27,4.777777777777778,0,1,26
musinsa,4862519,[2개] 녹두 쿨링 수분 선크림 50ml (+10ml 추가 증정),선크림,beplain,592,4.863175675675675,3,6,583
musinsa,4864433,어웨이크닝 바디오일 페퍼민트 & 유칼립투스 100ML * 2개,기타,aromatica1,37,5.0,0,0,37
musinsa,4874461,[시그니처 에디션] 워터 트리트먼트 미라클 10 (480ml 대용량),기타,moremo,73,4.904109589041096,0,0,73
musinsa,4875035,더마UV365 비타C 광채수분 선크림 40ml,선크림,aestura,28,4.857142857142857,0,1,27
musinsa,4902502,댄드러프클리닉 비듬/각질/가려움 두피케어 샴푸 (본품+리필) 400ml 2입 기획 + 증정,기타,laboh,44,4.909090909090909,0,0,44
musinsa,4911655,레드이치 가려움 케어 오일 200ml,기타,illiyoon,74,4.878378378378378,0,2,72
musinsa,4911669,레드이치 고보습 큐어밤 60ml,기타,illiyoon,45,4.866666666666666,0,0,45
musinsa,4931684,크림 스킨 미스트 30ml,미스트,laneige,57,4.807017543859649,1,0,56
musinsa,4942279,수분초 히알루론 선세럼 워터리 튜브 SPF50+ PA++++ 50ml(+선크림 3EA 랜덤 증정),선크림,abib,126,4.880952380952381,1,1,124
musinsa,4942385,글루타치온좀 CC 선크림 토닝 튜브 SPF50+ PA++++ 50ml(+선크림 샘플 키트 증정),선크림,abib,267,4.790262172284645,1,6,260
musinsa,4972381,[2pack] 캘리포니아 알로에 쿨링 수분 선스틱 SPF50+ PA++++,선크림,naturerepublic,26,4.615384615384615,0,0,26
musinsa,4976302,다이브인 워터리 핏 선세럼 50ml,세럼,torriden,25,4.96,0,0,25
musinsa,4977690,"LPP 단백질 트리트먼트 헤어팩 1000ml, 오리지널 2개",기타,parkjunbeautylab,42,4.904761904761905,0,1,41
musinsa,4978689,(탈모샴푸) 티트리 퓨리파잉 샴푸 대용량 세트 (본품 750ML + 리필 500 2개),기타,aromatica1,44,4.954545454545454,0,0,44
musinsa,4978725,(탈모 기능성) 대용량 로즈마리 스칼프 스케일링 샴푸 대용량 세트 (본품 750ML + 리필 500 2개),기타,aromatica1,73,4.945205479452055,0,0,73
musinsa,4979053,비글로우 글리밍 캘리 에디션 쿠션 단품 기획 (증정 : 꾸뛰르 미니 칠링칠링),쿠션팩트,espoir,24,4.75,0,0,24
musinsa,4979179,[NEW] 비어 PDRN 두피 트리트먼트 1000ml,기타,healingbird,26,4.884615384615385,0,0,26
musinsa,4981848,레드수딩 시카밸런스 크림 80ml,기타,physiogel,410,4.921951219512195,0,3,407
musinsa,4983383,브리즈핏 톤업 선베이스,기타,brookesia23,135,4.933333333333334,0,1,134
musinsa,4983539,스킨 인핸서 컴팩트 글로우 쿠션,쿠션팩트,brookesia23,101,4.851485148514851,0,1,100
musinsa,4989897,[조슈아 PICK/진짜장벽회복크림] 익스트림 크림 65ml 오리지널 (tube)X 2개+[증정]익스트림크림라이트10ml+익스트림로션10ml+잡티세럼10ml,세럼,realbarrier,390,4.948717948717949,0,2,388
musinsa,4991722,데일리 모이스처 바디워시 코튼머스크 880ML+[증정]쿨시트1매,기타,dermab,272,4.9338235294117645,1,0,271
musinsa,5004271,포스트 알파 퍼스트 쿨링 패드 70매 + 70매,기타,cellfusionc,434,4.923963133640553,0,2,432
musinsa,5006306,우레아 풋 크림 80ml+[증정]쿨시트1매,기타,dermab,22,4.863636363636363,0,0,22
musinsa,5006341,에브리데이 선블록  SPF50+PA++++ 200ml,선크림,dermab,266,4.879699248120301,0,2,264
musinsa,5006417,데일리 모이스처 바디로션 400MLX 2개+[증정]쿨시트1매+세라엠디로션20ml,기타,dermab,168,4.946428571428571,0,1,167
musinsa,5006445,세라엠디 리페어 로션 400MLX 2개+[증정]쿨시트1매+세라엠디로션20ml,기타,dermab,563,4.898756660746003,1,3,559
musinsa,5006552,프레쉬 모이스처 바디 로션 400MLX 2개+[증정]쿨시트1매+세라엠디로션20ml,기타,dermab,572,4.9125874125874125,2,1,569
musinsa,5016698,더 세라마이드 스킨 베리어 모이스처라이저 80ml,기타,cosrx,447,4.894854586129754,0,1,446
musinsa,5020850,[2PACK] 젠틀키스 글로우 틴트 듀오 (9color) + 펜글리터 02선셋글로우 증정,립틴트,tooq,19,4.7368421052631575,0,1,18
musinsa,5034583,[4종 택1] 구달 어성초 진정/수분/톤업/무기자차 선크림 50ml,선크림,goodal,603,4.8988391376451075,2,0,601
musinsa,5035785,항균 풋샴푸 쿨링 410ML * 2개 구성 + 랩신 물티슈 증정,기타,labccin,21,4.904761904761905,0,0,21
musinsa,5035850,항균 풋샴푸 3종 세트 구성 410ML + 랩신 손소독티슈 2개입 추가 증정,기타,labccin,80,4.95,0,0,80
musinsa,5035890,항균 풋샴푸 오리지널 + 쿨링/보습 410ML 2개 구성 + 랩신 손소독티슈 증정,기타,labccin,20,4.95,0,0,20
musinsa,5047443,[2PACK] 아쿠아 스쿠알란 세럼 70ml,세럼,snature,314,4.952229299363057,0,1,313
musinsa,5047885,프리미엄 터치 헤어 마스크 230g 2개,기타,fino,156,4.891025641025641,0,0,156
musinsa,5064157,애플 듀이 핏 쿠션 기획 (본품+리필)(+미니선크림+별키링),선크림,tocobo,37,4.675675675675675,0,0,37
musinsa,5066199,데일리 UV 수분장벽 선세럼 SPF50+ PA++++ 50mL,세럼,innisfree,26,4.923076923076923,0,0,26
musinsa,5066205,데일리 UV 수분장벽 선세럼 SPF50+ PA++++ 50mL 2개,세럼,innisfree,109,4.91743119266055,0,1,108
musinsa,5069062,[2pack] 소나무 진정 시카 선크림 40ml,선크림,roundlab,67,4.91044776119403,0,0,67
musinsa,5069336,레모니 플러터 50g - 큐티클 버터,기타,lush,50,4.86,1,1,48
musinsa,5084191,톤업 CE 선크림 40ml,선크림,beigic,24,4.916666666666667,0,0,24
musinsa,5087046,정수리 냄새 고민해결 두피각질 티트리 스케일러 250ml 2개,기타,steambase,67,4.895522388059701,0,0,67
musinsa,5090978,[+지우개패드2매 증정]오일 컨트롤 선스틱,선크림,celimax,55,4.8545454545454545,0,1,54
musinsa,5094413,3HR 블러링 선파우더,기타,ohui,20,4.9,0,1,19
musinsa,5094782,테라크네365 바디미스트 200ml,미스트,aestura,50,4.9,0,0,50
musinsa,5095883,[워셔블] 비스코스 코튼 케이블 반팔 니트 [블랙],기타,workonbodyoff,35,4.914285714285715,0,0,35
musinsa,5097480,비건 드라이 샴푸 앰플 40ml,세럼,ureun,114,4.552631578947368,4,10,100
musinsa,5098451,[증정] 시카 아크네 클리어 바디워시 400ml,기타,illiyoon,125,4.84,0,0,125
musinsa,5098454,시카 아크네 클리어 필링스크럽 200g,기타,illiyoon,32,4.96875,0,0,32
musinsa,5105948,블러 피니쉬 선쿠션 리필기획 SPF50+ PA++++ (2종 택1) (+미니쿠션랜덤증정),선크림,tocobo,248,4.814516129032258,2,3,243
musinsa,5106655,스킨톤 선파우더 (SPF 50+ / PA++++),기타,doingwhat,144,4.770833333333333,3,1,140
musinsa,5108799,[데일리장벽크림] 마데카크림 타임리버스 제로 80ml + [증정] 히알론 겔 마스크 1매+크림 5ml,기타,centellian24,250,4.88,0,1,249
musinsa,5114507,이지온 세미 오버핏 스트라이프 카라 반팔 니트 (4color),기타,workonbodyoff,1325,4.917735849056604,1,3,1321
musinsa,5115013,바디로션 300ml (3종 택1) +(증정) 고체향수키링 레몬비누향,기타,sennok,303,4.900990099009901,0,1,302
musinsa,5115265,센녹 스크럽 핸드워시 솝 클린 솝 300ml,기타,sennok,20,4.9,0,0,20
musinsa,5115678,헤어 퍼퓸 미스트 60ml (2종 택1),미스트,sennok,48,4.8125,0,1,47
musinsa,5118997,아쿠아 오아시스 수분 젤크림 80ml+스쿠알란 세럼 70ml,세럼,snature,156,4.92948717948718,0,0,156
musinsa,5119038,[2PACK] 어니언 뉴페어 겔크림 플러스 50ml+50ml (증정: 어니언 뉴페어 패드 20매),기타,isntree,135,4.896296296296296,0,0,135
musinsa,5147079,그루밍 토닉 200ml,기타,reuzel,120,4.9,0,1,119
musinsa,5149111,트리헛 시어 슈가 바디스크럽 510g (19종 택1),기타,treehut,622,4.914790996784566,1,1,620
musinsa,5149189,우레아 10 풋크림 100g,기타,nella,24,5.0,0,0,24
musinsa,5149682,글리코릭 애시드 7％ 엑스폴리에이팅 토너 240ml,토너,theordinary,19,4.526315789473684,2,0,17
musinsa,5154124,마데카소사이드 수분 선세럼 흔적 리페어 50g,세럼,mediheal,394,4.916243654822335,1,1,392
musinsa,5162917,[100분 타임어택] 팡팡 선쿠션 미니 본품 8g,선크림,elroel,122,4.901639344262295,0,1,121
musinsa,5187779,퍼펙트 UV 선스크린 스킨케어 밀크 NA 60ml,기타,anessa,73,4.904109589041096,0,1,72
musinsa,5187907,퍼펙트 UV 선스크린 마일드 밀크 NA 60ml,기타,anessa,26,4.923076923076923,0,0,26
musinsa,5193392,[SET] 라즈베리 헤어 식초 200ml + 라즈베리 헤어식초(리필용) 400ml,기타,apieu,118,4.906779661016949,0,1,117
musinsa,5196308,[프리미엄 고보습] 산양유 바디워시 2가지 향 택 1,기타,kerasys,70,4.9,0,0,70
musinsa,5203707,[대용량] 퍼퓸 샴푸 페어앤프리지아 750ml,기타,laboh,79,4.89873417721519,1,0,78
musinsa,5203737,[대용량] 퍼퓸 샴푸 블랑쉬앤우디 750ml,기타,laboh,62,4.967741935483871,0,0,62
musinsa,5204774,[저속노화탄력크림] 마데카크림 타이트 리프팅 50ml,기타,centellian24,65,4.7846153846153845,0,0,65
musinsa,5206157,[자외선차단 립밤 SPF25 PA++]리더스 PDRN UV 립 프로텍터 (투명/로즈),선크림,leaderscosmetics,23,4.869565217391305,0,0,23
musinsa,5206207,UV 글로우밤 SPF50+ PA++++ 겉보속촉 선스틱,선크림,glutanex,44,5.0,0,0,44
musinsa,5214847,[증정] 댄드러프클리닉 비듬/각질/가려움 두피케어 샴푸 400ml,기타,laboh,76,4.855263157894737,0,1,75
musinsa,5214869,[증정] 두피강화클리닉 쿨링&노세범 샴푸 (본품+리필) 400ml 2입 기획,기타,laboh,302,4.933774834437086,0,1,301
musinsa,5230577,항균 핸드워시 500ml 2개입(센서티브/토탈)+플라워 펌프 증정 구성,기타,labccin,35,4.885714285714286,0,0,35
musinsa,5231002,[약산성/대용량] 세라마이드 아토 6.0 탑투토워시 1000ml,기타,illiyoon,58,4.879310344827586,0,0,58
musinsa,5243839,[단독 기획 구성] 카멜리아 바디 오일(+ 헤어 콤브),기타,glowiest,54,4.87037037037037,0,0,54
musinsa,5245770,[2PACK] 아쿠아 시카 부스터 바디워시 500ml,기타,snature,144,4.895833333333333,1,0,143
musinsa,5245790,[2PACK] 아쿠아 시카 부스터 바디미스트 150ml,미스트,snature,137,4.883211678832117,1,1,135
musinsa,5247647,알엑스 초록 비타민 앰플,세럼,medipeel,181,4.87292817679558,0,1,180
musinsa,5252163,마스크 오브 매그너민티 셀프-프리저빙 - 파워 마스크/페이스 앤 바디 마스크 팩,기타,lush,27,4.814814814814815,1,0,26
musinsa,5256852,헤트라스 심콩 퍼퓸 탈모 샴푸 대용량 1013ml 6가지 향,기타,hetrasbeauty,260,4.857692307692307,1,2,257
musinsa,5256969,헤트라스 비단결 퍼퓸 트리트먼트 대용량 1013ml 6가지 향,기타,hetrasbeauty,131,4.885496183206107,0,0,131
musinsa,5266657,스크럽 바디워시 나이트 블루밍 자스민 향 500ML,기타,luvscent,42,4.9523809523809526,0,0,42
musinsa,5266720,스크럽 바디워시 리틀포레스트 미모사 향 500ML,기타,luvscent,27,4.851851851851852,0,0,27
musinsa,5267219,소나무 진정 시카 에어리 선스틱 19g,선크림,roundlab,44,4.909090909090909,0,0,44
musinsa,5276178,"아쿠아파워 올인원 200ml 세트(+아쿠아파워 클렌저 40ml, 토너 30ml)",토너,biotherm,285,4.905263157894737,1,0,284
musinsa,5284493,탈모증상완화 퍼퓸 샴푸 750ml 2pack (블랑쉬앤우디/페어앤프리지아),기타,laboh,40,5.0,0,0,40
musinsa,5289188,카마 200ml - 보디 스프레이,기타,lush,26,4.846153846153846,0,1,25
musinsa,5289207,스토미 웨더 200ml - 보디 스프레이,기타,lush,37,4.891891891891892,0,0,37
musinsa,5293853,어린쑥 속수분 쑥히알 크림 60ml,기타,hanyul,103,4.893203883495145,0,1,102
musinsa,5324395,[헤어필러] 모발강화 클리닉 샴푸 430ml+ 증정,기타,laboh,20,4.75,0,0,20
musinsa,5332338,[유승호 PICK] 포뷰트 텍스처 쉐이크 스프레이 100ml,기타,forbeaut,167,4.838323353293413,0,0,167
musinsa,5333712,원스 어폰 어 타임 200ml - 바디 스프레이,기타,lush,16,4.5,2,0,14
musinsa,5354870,데미지 테라피 퍼퓸 핸드크림 50ml (3종 택1),기타,growus,17,4.9411764705882355,0,0,17
musinsa,5367131,[2PACK] 펩타이드-132 울트라 퍼펙트 헤어 본딩 트리트먼트 120mL * 2개,기타,cosrx,51,4.901960784313726,0,0,51
musinsa,5367381,히어로 마이 퍼스트 세럼 a.k.a. 만능기초 155ml,세럼,demaf,479,4.924843423799582,0,2,477
musinsa,5371586,비건 릴리프 무기자차 선크림 50ml (5ml 2개 증정),선크림,athe,488,4.82172131147541,2,4,482
musinsa,5371591,비건 릴리프 선 에센스 EX 50ml (7ml 2개 증정),기타,athe,132,4.909090909090909,0,0,132
musinsa,5377388,데일리 카페인 에어 홀딩 스프레이 180ml,기타,dashu,274,4.894160583941606,0,1,273
musinsa,5409913,오리지널 바디스크럽 200g 2개 (샤워볼+체험분 3매  단독 증정),기타,plu,763,4.891218872870249,3,2,758
musinsa,5414308,스칼프닉 탈모완화 기능성 앰플 1개 세모앰플 여성 남성 탈모 두피영양제 잔머리 쿨링 진정,세럼,glowbee,33,4.818181818181818,1,0,32
musinsa,5430921,[3개부터 구매가능] 히알루론산 밸런싱 토너,토너,musinsastandardbt,105,4.923809523809524,0,0,105
musinsa,5430923,[3개부터 구매가능] 펜타 세라마이드 모이스처라이징 토너,토너,musinsastandardbt,92,4.858695652173913,0,1,91
musinsa,5430924,[2개부터 구매가능] 펜타 세라마이드 모이스처라이징 크림,기타,musinsastandardbt,94,4.840425531914893,0,1,93
musinsa,5484232,[유승호 PICK] 마이크로 부스트 두피 앰플 300 블루샷,세럼,forbeaut,48,4.916666666666667,0,1,47
musinsa,5484237,[유승호 PICK] 마이크로 부스트 두피 앰플 500 레드샷,세럼,forbeaut,34,4.764705882352941,0,1,33
musinsa,5484247,[유승호 PICK] 마이크로 부스트 두피 앰플 1000 블랙샷,세럼,forbeaut,28,4.857142857142857,0,1,27
musinsa,5484275,[유승호 PICK] SET 마이크로 부스트 두피 앰플 3종 (300+500+1000),세럼,forbeaut,31,4.935483870967742,0,1,30
musinsa,5527076,스크럽 바디워시 4가지 향 세트 구성(가든 로즈/핑크 피오니/미모사/자스민) + 핸드워시 추가증정(향랜덤),기타,luvscent,21,4.9523809523809526,0,0,21
musinsa,5534142,[손상모전용] 케라마이드 반곱슬 울트라라페어 트리트먼트 1L,기타,kerasys,36,4.777777777777778,0,0,36
musinsa,5537937,[3PACK] 아쿠아 시카 부스터 바디미스트 150ml,미스트,snature,22,4.818181818181818,0,1,21
musinsa,5538569,[2PACK] 인텐시브 세라마이드 비건 립 마스크 7g 2입,기타,illiyoon,16,4.625,0,2,14
musinsa,5576529,마린러쉬 콜라겐 저자극 두피 샴푸 300ml (+펌프 증정),기타,alpharoutine,103,4.941747572815534,0,1,102
musinsa,5576625,어반스모키 콜라겐 저자극 퍼퓸 샴푸 300ml (+펌프 증정),기타,alpharoutine,110,4.890909090909091,0,1,109
musinsa,5611823,[2 PACK] 선포켓 오일컷스틱 15g 노세범 (+매치업 톤업로션 10ml 증정),기타,grafen,24,4.958333333333333,0,0,24
musinsa,5611936,에딧비 마시멜로 톤업 쿠션,쿠션팩트,editb,23,4.826086956521739,0,1,22
musinsa,561732,데일리 라이트핏 선젤 50ml,기타,dashu,106,4.80188679245283,0,1,105
musinsa,5618035,글램웨이브 봉고데기 40mm 스트로베리크림,기타,vodana,44,4.954545454545454,0,0,44
musinsa,5620601,오일렉스 티트리 스케일링 샴푸 280ML 2개구성,기타,kerasys,34,4.852941176470588,0,0,34
musinsa,5628482,실크실드 글로우 샴푸 엘 EL,기타,furriky,74,4.878378378378378,0,0,74
musinsa,5628895,글로우 필터 톤업크림 50ml+50ml,기타,frankly,20,4.6,1,1,18
musinsa,5631938,퍼퓸 히트프로텍션 헤어오일,기타,factorynormal,71,4.915492957746479,0,0,71
musinsa,5633272,오 비타미네 바디 밀크 400ml 세트(+오 비타미네 샤워젤 100ml),기타,biotherm,19,4.894736842105263,0,0,19
musinsa,5636197,[SET] 바이옴 베리어 크림 미스트 기획세트 (100ml + 50ml),미스트,uiq,51,4.745098039215686,0,0,51
musinsa,5648932,[2pack] 마데카소사이드 수분 흔적 리페어 세럼 40ml+수분 흔적 리페어 크림 50ml (패드+선세럼 추가 증정),세럼,mediheal,28,4.714285714285714,0,1,27
musinsa,5650847,스킨 퍼펙팅 스페셜 세트,기타,yunjac,53,4.830188679245283,0,0,53
musinsa,5670126,[유통기한임박특가:26년10월]무향 비건 핸드크림 노 노트X왓어버터 왓 어 핸드버터 망고 50g,기타,nonotebyceci,53,4.7924528301886795,1,0,52
musinsa,5670155,씨솔트 테라피 두피스케일러 EX 265gX2,기타,growus,20,4.7,1,0,19
musinsa,5673546,레드 토마토 젤리 립 마스크 12g,기타,fully,25,4.8,0,0,25
musinsa,5677069,TXA 헬시 글로우 비비 에센스,기타,losykim,96,4.75,2,1,93
musinsa,5691041,버블 핸드워시 500ml 2개입 세트,기타,scentica,25,4.96,0,0,25
musinsa,5691130,화이트 트러플 퍼스트 스프레이 세럼 100ml,세럼,dalba,717,4.863319386331939,3,7,707
musinsa,5693203,[3개부터 구매가능] 퍼퓸드 핸드크림 미스틱 우드 30ml,기타,musinsastandardbt,1007,4.8570009930486595,8,5,994
musinsa,5693204,[2개부터 구매가능] 퍼펙트 실드 밸런싱 선크림 40ml,선크림,musinsastandardbt,118,4.889830508474576,0,0,118
musinsa,5693206,[2개부터 구매가능] 퍼펙트 클리어 올인원 워시 330ml,기타,musinsastandardbt,282,4.929078014184397,1,0,281
musinsa,5693207,[대용량] 퍼펙트 클리어 올인원 워시 500ml,기타,musinsastandardbt,52,4.865384615384615,0,0,52
musinsa,5699721,[온더바디 컬래버] 코튼풋 발을 씻자 풋샴푸 750ml,기타,musinsastandardbt,620,4.937096774193549,0,2,618
musinsa,5709593,화이트 트러플 퍼스트 스프레이 세럼 100ml+100ml,세럼,dalba,683,4.88579795021962,2,2,679
musinsa,5709917,워터풀 톤업 선크림(퍼플) 50ml+50ml,선크림,dalba,154,4.837662337662338,2,0,152
musinsa,5717294,볼륨 스타일링 에어 핏 스프레이 150ml 듀오 세트,기타,doingwhat,45,4.977777777777778,0,0,45
musinsa,5717314,더블샷 퍼퓸 바디미스트 120ml 1개입,미스트,hetrasbeauty,26,4.653846153846154,0,2,24
musinsa,5720750,핸드크림 본품 미니 골라담기,기타,kamill,28,4.785714285714286,0,1,27
musinsa,5724033,쿨링 민트 드라이샴푸 150ml,기타,athanbe,85,4.858823529411764,0,0,85
musinsa,5753893,워터풀 톤업 선 쿠션 15g 세트 (본품+리필),쿠션팩트,dalba,21,4.761904761904762,1,0,20
musinsa,5816625,[SET] 더 세라마이드 모이스처라이저80ml x 2개 + 펩타이트 스킨부스터 30ml,기타,cosrx,63,4.904761904761905,0,0,63
musinsa,5821306,히알루론산 물톡스 물빛 광채 선 세럼 (레드 콜라겐 클리어 15ml + 비건비타민 클리어 15ml),세럼,medipeel,25,4.92,0,0,25
musinsa,5831711,퍼퓸 헤어세럼 미스트 월넛크릭그린,세럼,bibiang,27,4.888888888888889,0,0,27
musinsa,5837298,[2pack] 메디힐 마데카소사이드 수분 선세럼 흔적 리페어 더블 기획세트,세럼,mediheal,386,4.924870466321243,1,1,384
musinsa,5838236,[증정] 레드이치 케어크림 330ml 2입,기타,illiyoon,48,4.854166666666667,0,0,48
musinsa,5838249,[증정] 울트라리페어 로션 528ml 2입,기타,illiyoon,102,4.872549019607843,1,2,99
musinsa,5841340,[쌩얼속보습 SET] 스킨 베리어 카밍 로션 EX 220ml+카밍 립 에센스,기타,ongredients,56,4.857142857142857,0,0,56
musinsa,5847863,펌핑 핸드로션 클래식+튜브 핸드크림 골라담기,기타,kamill,25,4.96,0,0,25
musinsa,5848372,리얼 히알루로닉 100 토너 500ml,토너,wellage,130,4.969230769230769,0,0,130
musinsa,5859496,[옵션선택] 코튼풋 발을씻자 풋샴푸 510ml 2개 + 리필 500ml 1개,기타,onthebody,167,4.9880239520958085,0,0,167
musinsa,5860581,카밀 미니 핸드크림 30ml 10개 세트,기타,kamill,86,4.813953488372093,1,1,84
musinsa,5863370,레드이치 케어 크림 75ml,기타,illiyoon,27,4.888888888888889,0,0,27
musinsa,5865398,[2개] 아쿠아 퓨어 히알루로닉 크림70ml (증정: 멀티 히알루론산 마스크 2매),기타,beplain,32,5.0,0,0,32
musinsa,5867126,리프레시 헤어 퍼퓸 아브라카다멈,기타,bussi,30,4.866666666666666,0,0,30
musinsa,5878267,[모남희콜라보] 두피강화클리닉 캡슐트리트먼트 더블기획(200mlx2)+모남희 스마트톡 증정,기타,laboh,45,4.977777777777778,0,0,45
musinsa,5908411,[대용량] 펩타이드-132 울트라 퍼펙트 헤어 본딩 트리트먼트 240mL,기타,cosrx,39,4.948717948717949,0,0,39
musinsa,5920737,[Pink에디션] 에센셜 스킨 누더 쿠션 (리필포함)(쿠션 블러쉬 파우치 #핑크 + 앰플선 5ml 증정),쿠션팩트,jsm,112,4.875,0,0,112
musinsa,5924219,[화잘먹 크림 미스트] 하이드라 판테톨 베리어 미스트 120ml,미스트,9wishes,37,4.972972972972973,0,0,37
musinsa,5929317,매트 볼륨 스프레이 145ml,기타,gatsby,29,4.896551724137931,0,0,29
musinsa,593092,데일리 안티헤어로스 단백질 트리트먼트 500ml,기타,dashu,344,4.877906976744186,2,1,341
musinsa,5954006,UV프로텍터 톤업 라벤더 SPF50+ PA4+ 50ml,기타,hera,18,4.777777777777778,0,0,18
musinsa,5975244,[2개부터 구매가능] 퍼펙트 실드 톤업 선크림 40ml,선크림,musinsastandardbt,187,4.7967914438502675,1,2,184
musinsa,5983006,리쥬 토닝 선 쿠션,쿠션팩트,nuse,57,4.824561403508772,1,0,56
musinsa,5985029,[SET] 다노날 창포 쿨링 스파 헤어팩 4매 (트리트먼트),기타,danonal,27,4.925925925925926,0,0,27
musinsa,5994198,[비비의 리얼리티] ELVIO C1 BLACK,기타,rieti1,37,4.945945945945946,0,0,37
musinsa,5998625,바이오레시피 1초 데미지케어 마블 헤어팩 300g/ 손상모복구 LPP 트리트먼트 단백질 헤어클리닉,기타,biorecipe,65,4.7846153846153845,1,1,63
musinsa,6009184,데일리 모이스처 바디워시 프레쉬피치 1000MLX 2개,기타,dermab,23,4.869565217391305,0,0,23
musinsa,6012090,더마팩토리 나이아신 히알루론 21%세럼 80ml 2개,세럼,dermafactory,17,4.882352941176471,0,0,17
musinsa,6018695,다노날 창포 바이 엑소좀 두피 앰플 130ml,세럼,danonal,30,4.933333333333334,0,0,30
musinsa,6036830,오일렉스더블이펙트 샴푸/트리트먼트 1L 골라담기 + 샴푸 증정 구성,기타,kerasys,174,4.862068965517241,0,1,173
musinsa,6036892,비타 소프트 데일리 선 로션 150ml SPF50+ PA++++,기타,tocobo,26,4.961538461538462,0,0,26
musinsa,6044102,[두피괄사] 데일리 밀크씨슬 스피큘샷 스칼프 앰플 70ml (+50ml 샴푸증정),세럼,dashu,20,4.95,0,0,20
musinsa,6051576,비건 릴리프 무기자차 선크림 50ml 듀오 세트,선크림,athe,27,4.962962962962963,0,0,27
musinsa,6097389,[실리콘Free] 리추얼 3X 본딩 트리트먼트 200ml,기타,vodana,1080,4.95462962962963,1,0,1079
musinsa,6109589,[유통기한 2027년 8월 초] 핸드&바디로션 300ml 6종,기타,chi,109,4.889908256880734,0,1,108
musinsa,6122940,어성초 카밍 토너 200ml,토너,heynature,109,4.862385321100917,0,0,109
musinsa,6156641,어린 새싹 클린 토너 200ml,토너,suiskin,92,4.945652173913044,0,0,92
musinsa,6156724,산양유 두피밸런싱 샴푸 470ml,기타,leivy,25,4.76,0,0,25
musinsa,6156766,산양유 밀크테라피 트리트먼트 220ml,기타,leivy,20,5.0,0,0,20
musinsa,6160188,대용량 프레쉬 모이스춰 스크럽워시 625ml 시트러스향 각질 제거,기타,illiyoon,20,4.95,0,0,20
musinsa,6163875,체이싱래빗_올어바웃글로우톤업크림,기타,chasinrabbits,856,4.77803738317757,6,9,841
musinsa,6163905,미드나잇 블루 유스 액티베이팅 드롭 20ml,기타,klairs,922,4.86117136659436,4,13,905
musinsa,6163913,서플 프레퍼레이션 언센티드 토너 180ml,토너,klairs,97,4.948453608247423,0,0,97
musinsa,6163938,시카 애프터쉐이브 토너 스프레이,토너,lazysociety,215,4.93953488372093,0,1,214
musinsa,6164429,구아바 수분 콜라겐 미스트 100mL,미스트,benton,165,4.83030303030303,2,1,162
musinsa,6164430,글라이신 단백질 딥컨디셔닝 헤어팩 220mL,기타,benton,24,5.0,0,0,24
musinsa,6164642,쿨링 민트 드라이샴푸 150ml,기타,athanbe,85,4.858823529411764,0,0,85
musinsa,6176281,UV 디펜스 T24 멜라픽스 선젤 30ml,기타,ist,36,4.833333333333333,0,0,36
musinsa,6178328,볼륨 스타일링 에어 핏 스프레이 150ml,기타,doingwhat,86,4.8604651162790695,0,0,86
musinsa,6183155,순한 수딩 선젤+,기타,truthofbeauty,69,4.971014492753623,0,1,68
musinsa,6187247,퍼퓸 헤어&바디미스트 100ml (5종 택1),미스트,skybottle,425,4.851764705882353,1,4,420
musinsa,6199502,스파 수분광채 스크럽 바디워시 히말라야 핑크솔트 600ml,기타,veilment,27,4.962962962962963,0,0,27
musinsa,6207604,이온 스플래쉬 수분 캡슐 크림 80ml,기타,makeprem,23,5.0,0,0,23
musinsa,6213430,언리시아 선셋 대즐 글로스 밤,기타,unleashia,18,4.833333333333333,0,1,17
musinsa,6217051,풀 초록35 톤업 선쿠션 (본품),선크림,te,268,4.817164179104478,0,3,265
musinsa,6221525,구스베리 쥬씨 글로우업 젤 크림 55ml,기타,byjuccy,29,5.0,0,0,29
musinsa,6221526,구스베리 다크서클 브라이트닝 아이크림 30ml,아이크림,byjuccy,28,4.857142857142857,0,0,28
musinsa,6227494,데일리 틴티드 선세럼 베일커버 (SPF50+ PA++++),세럼,beautyofjoseon,19,5.0,0,0,19
musinsa,6239322,스킨 베리어 카밍 로션 이엑스 220ml,기타,ongredients,2540,4.859055118110236,7,17,2516
musinsa,6239332,스킨 베리어 카밍 로션 이엑스 80ml,기타,ongredients,54,4.888888888888889,0,0,54
musinsa,6239431,라이스 토너 150ml,토너,imfrom,134,4.962686567164179,0,0,134
musinsa,6239507,피브 하이퍼 하이드로 세럼 100ml,세럼,feev,3054,4.877537655533726,7,29,3018
musinsa,6246896,로즈마리 루트 인핸서 100ML,기타,aromatica1,1280,4.90078125,0,5,1275
musinsa,6246897,티트리 퓨리파잉 토닉 100ML,기타,aromatica1,678,4.927728613569322,0,3,675
musinsa,6246901,리츄얼 헤어 오일 라벤더 & 패츌리 50ML,기타,aromatica1,128,4.8515625,2,3,123
musinsa,6252082,해남404 펩타시카 토너 250ml,토너,toun28,24,4.75,0,0,24
musinsa,6254001,파지티브 선 태닝 워터리 크림 SPF22 150ml,기타,shaishaishai,32,4.875,0,0,32
musinsa,6254711,비건 톤업 선쿠션 12g(핑크베이지),선크림,tonefitsun,154,4.785714285714286,2,2,150
musinsa,6254713,비건 듀이 커버 선쿠션 12g(누드베이지),선크림,tonefitsun,60,4.766666666666667,1,2,57
musinsa,6254714,비건 노세범 선스틱 18g,선크림,tonefitsun,97,4.948453608247423,0,0,97
musinsa,6257582,리프에이 왁싱케어 바디스크럽 200g,기타,plu,40,4.8,1,1,38
musinsa,6257594,헤어 하이드레이터 웨트 컬크림,기타,swagger,31,4.903225806451613,0,0,31
musinsa,6257649,제주 해수 볼륨 스프레이 210ml,기타,grafen,157,4.885350318471337,0,2,155
musinsa,6257935,헤어퍼퓸 미스트 50ML,미스트,pleuvoir,36,4.833333333333333,0,0,36
musinsa,6261460,[SET] 아쿠아 퓨어 히알루로닉 크림  2개 + 세럼 2개 (증정: 멀티 히알루론산 마스크 5매),세럼,beplain,82,4.975609756097561,0,0,82
musinsa,6271243,나이아샷 플러스 IPMP 트러블 블랙 세럼 30ml,세럼,dermatory,63,4.920634920634921,0,1,62
musinsa,6294956,두피 리셋 쿨링 앰플 10ml+리필 10ml,세럼,scabioll,34,5.0,0,0,34
musinsa,6294957,두피 코어 캡슐 앰플 10ml+리필 10ml,세럼,scabioll,32,4.96875,0,0,32
musinsa,6298605,하이퍼샷 앰플 50ml(3종 택1),세럼,amplen,21,5.0,0,0,21
musinsa,6299094,액티브 스웨트프루프 선스틱 + 쿨 데오 샤워티슈 1매,선크림,obge,127,4.9921259842519685,0,0,127
musinsa,6299243,[몬치치] 세라마이드 아토 로션 600ml+몬치치 복주머니 파우치,기타,illiyoon,55,4.927272727272728,0,0,55
musinsa,6301688,[래하벨 콜라보] 프레쉬 모이스처 바디로션 400ML 더블기획(키링내장)+[증정]쿨시트1매+세라엠디로션20ml,기타,dermab,23,4.956521739130435,0,0,23
musinsa,6302706,[콜라보] 세라마이드 유자 바이오 클렌징 오일 200ml+20ml+헤어핀 굿즈,클렌징오일,irecipe,136,4.9411764705882355,1,0,135
musinsa,6306878,"본딩 알파 케라틴 헤어팩 260g, 누드머스크",기타,ohype,171,4.988304093567251,0,0,171
musinsa,6307074,"본딩 알파 케라틴 헤어팩 260g, 그린제스트",기타,ohype,31,4.903225806451613,0,0,31
musinsa,6309260,데미지드 헤어 테라피 미스트 200ml,미스트,missha,45,4.888888888888889,0,0,45
musinsa,6311286,"본딩 리브인 케라틴 폼 트리트먼트 200ml, 누드머스크",기타,ohype,124,4.991935483870968,0,0,124
musinsa,6330687,저분자 히알루론산 딥 토너 500ml,토너,thelabbyblancdoux,1434,4.947698744769874,0,2,1432
musinsa,6330688,올리고 히알루론산 딥 토너 200ml,토너,thelabbyblancdoux,651,4.903225806451613,1,4,646
musinsa,6330696,저분자 히알루론산 선 에센스 40ml [SPF50+/PA++++],기타,thelabbyblancdoux,190,4.921052631578948,0,2,188
musinsa,6331152,비터버터 약산성 바디워시 500ml+여행용 100ml 증정,기타,arwe,644,4.942546583850931,1,1,642
musinsa,6332438,비욘드 딥모이스처 스무딩 바디에멀전 500ml,기타,beyond,182,4.934065934065934,0,0,182
oliveyoung,A000000002652,바이오더마 센시비오 H2O 100ml(클렌징워터),클렌징,바이오더마,67,4.701492537313433,4,0,63
oliveyoung,A000000003939,[180ml리필증정] 하다라보 고쿠쥰 클렌징 오일 200mL,클렌징오일,하다라보,235,4.48936170212766,18,17,200
oliveyoung,A000000006564,우르오스 올인원 스킨로션 200ml 증정기획/단품,스킨케어,우르오스,244,4.692622950819672,6,17,221
oliveyoung,A000000006565,우르오스 올인원 스킨밀크 200ml 증정기획/단품,스킨케어,우르오스,259,4.667953667953668,11,15,233
oliveyoung,A000000010461,[톤보정] 라로슈포제 유비데아 안뗄리오스 틴티드 크림,선크림,라로슈포제,208,4.389423076923077,19,18,171
oliveyoung,A000000010462,[수분] 라로슈포제 유비데아 안뗄리오스 멜트인 크림,선크림,라로슈포제,264,4.553030303030303,11,12,241
oliveyoung,A000000010476,라로슈포제 에빠끌라 퓨리파잉 포밍 젤+M 200ml,클렌징,라로슈포제,201,4.537313432835821,10,8,183
oliveyoung,A000000010497,[72관왕/1위] 린제이 모델링 팩 (컵팩) 7종 택1,마스크팩,린제이,303,3.871287128712871,81,1,221
oliveyoung,A000000011226,니베아 선 프로텍트 앤 라이트 필 퍼펙트 선세럼 SPF50+ PA+++,세럼,니베아,261,4.325670498084291,36,16,209
oliveyoung,A000000011596,메디힐 W.H.P 미백수분 블랙 마스크 EX 10매,마스크팩,메디힐,249,4.622489959839357,8,18,223
oliveyoung,A000000012609,아이소이 에센셜 마스크팩 1매 3종 택 1 (잡티 / 진정 / 수분),마스크팩,아이소이,261,3.7586206896551726,76,5,180
oliveyoung,A000000013194,[스테디셀러특가/6월 올영픽] 바이오더마 센시비오 H2O 500ml 2입,클렌징,바이오더마,121,4.975206611570248,0,0,121
oliveyoung,A000000013302,[세정만족98%] 비페스타 클렌징티슈 브라이트닝 46매 (모공&각질),클렌징,비페스타,251,4.4063745019920315,31,10,210
oliveyoung,A000000013305,[9일특가] 비페스타 클렌징티슈 세럼 모이스트 46매 (보습개선),세럼,비페스타,263,4.342205323193916,33,16,214
oliveyoung,A000000015244,메디힐 W.H.P 미백수분 블랙 마스크 EX 1매,마스크팩,메디힐,282,4.553191489361702,19,22,241
oliveyoung,A000000102238,라로슈포제 미셀라 클렌징워터 센시티브 400ml,클렌징,라로슈포제,133,4.639097744360902,1,3,129
oliveyoung,A000000102752,[꼼꼼/필수템] 키스미 히로인메이크 스피디 마스카라 전용 리무버 단품,마스카라,키스미,278,4.485611510791367,27,17,234
oliveyoung,A000000106577,[리뉴얼/증정이벤트] 브리스킨 리얼 핏 세컨드스킨 마스크1/5매입,마스크팩,브리스킨,180,4.144444444444445,28,19,133
oliveyoung,A000000107679,마녀공장 퓨어 소이빈 클렌징 오일 200ml,클렌징오일,마녀공장,119,4.873949579831932,1,2,116
oliveyoung,A000000112523,[촉촉톤업] 라로슈포제 유비데아 안뗄리오스 톤업 라이트 크림 30ml,선크림,라로슈포제,215,4.558139534883721,4,15,196
oliveyoung,A000000113670,메이크프렘 세이프 미 릴리프 모이스처 클렌징폼 150ml 1+1 기획,클렌징폼,메이크프렘,311,3.9356913183279745,76,2,233
oliveyoung,A000000114166,[각질/피지] 스트라이덱스 센시티브 패드 90매,마스크팩,스트라이덱스,311,3.7781350482315115,90,2,219
oliveyoung,A000000115199,[급속쿨링/열감케어] 셀퓨전씨 포스트 알파 쿨링 마스크 5P(퍼스트 쿨링/시카 쿨링),마스크팩,셀퓨전씨,323,3.956656346749226,80,0,243
oliveyoung,A000000117541,[베스트 올인원]우르오스 올인원 200ml 2종 택 1,스킨케어,우르오스,258,4.616279069767442,13,19,226
oliveyoung,A000000120688,[1매/5종] 아비브 약산성 pH 시트 마스크 핏 1매 (어성초/부활초/아쿠아/글루타치온좀/허니),마스크팩,아비브,313,4.057507987220447,69,4,240
oliveyoung,A000000120938,[10매/5종] 아비브 약산성 pH 시트 마스크 핏 10매 (어성초/부활초/아쿠아/글루타치온좀/허니),마스크팩,아비브,280,4.389285714285714,28,29,223
oliveyoung,A000000123594,[산뜻보송선스틱/UV에이징케어] 셀퓨전씨 스틱 썬스크린 19g (SPF50+/PA++++),선크림,셀퓨전씨,74,4.918918918918919,0,0,74
oliveyoung,A000000125392,[더블기획/순삭리무버패드] 아리얼 스트레스 릴리빙 립앤아이 리무버 패드 더블기획 (30매+30매),클렌징,아리얼,248,4.649193548387097,12,18,218
oliveyoung,A000000130319,바이오더마 센시비오 H2O 850ml(클렌징워터),클렌징,바이오더마,326,4.03680981595092,74,1,251
oliveyoung,A000000130487,[영양/탄력] 닥터지 로얄 블랙스네일 크림마스크 1매,마스크팩,닥터지,257,4.276264591439689,45,5,207
oliveyoung,A000000132048,[1+1/화잘먹팩] 듀이트리 픽앤퀵 뽑아쓰는 화장발 마스크 더블 기획 (30매+30매),마스크팩,듀이트리,257,4.622568093385214,6,13,238
oliveyoung,A000000134691,바이오더마 시카비오 포마드 100ml(리페어 리치 밤),스킨케어,바이오더마,289,4.027681660899654,67,0,222
oliveyoung,A000000135743,폰즈 클리어 스파 립앤아이 리무버 300ml,클렌징,폰즈,311,4.286173633440514,53,0,258
oliveyoung,A000000137180,[1등토너] 라운드랩 1025 독도 토너 500ml 기획 (+100ml),토너,라운드랩,280,4.414285714285715,31,18,231
oliveyoung,A000000139298,메이크프렘 세이프 미 릴리프 모이스처 클렌징밀크 기획 (200ml+폼50ml),클렌징,메이크프렘,299,4.150501672240803,65,2,232
oliveyoung,A000000139348,[대용량] 라로슈포제 똘러리앙 울트라 로션 400ML,스킨케어,라로슈포제,184,4.608695652173913,4,4,176
oliveyoung,A000000139762,"[깐달걀세안제] 수이사이 파우더 워시 6종 택1 (오리지널, 블랙, 골드, 그린, 핑크, 탄산 32p/15p/16p)",클렌징,수이사이,231,4.41991341991342,16,29,186
oliveyoung,A000000140820,[긴급진정]차앤박(CNP) 퀵수딩 S.O.S 마스크 트리플 기획 (본품1매x3+1매 증정),마스크팩,차앤박,258,4.372093023255814,29,24,205
oliveyoung,A000000141333,[노화케어] 디오디너리 매트릭실 10% + HA,스킨케어,디오디너리,211,4.4170616113744074,16,17,178
oliveyoung,A000000141457,[더블클렌징] 아리얼 스트레스 릴리빙 미셀라 립앤아이 리무버 300ml,클렌징,아리얼,291,3.88659793814433,76,3,212
oliveyoung,A000000142520,비플레인 녹두 약산성 클렌징폼 80ml,클렌징폼,비플레인,253,4.1106719367588935,52,9,192
oliveyoung,A000000143949,얼트루 아임쏘리포마이스킨 릴렉싱 젤리마스크 10매,마스크팩,얼트루,194,4.778350515463917,1,2,191
oliveyoung,A000000145580,[수분민감/아침세안] 라곰 셀럽 젤 투 워터 클렌저 170ml,클렌징,라곰,255,4.32156862745098,36,13,206
oliveyoung,A000000145581,[수분민감/미세먼지OUT] 라곰 셀럽 마이크로 폼 클렌저 120ml,클렌징,라곰,69,4.782608695652174,2,0,67
oliveyoung,A000000145728,[증정/약산성] 닥터지 약산성 레드 블레미쉬 클리어 수딩 폼 기획2종 택 1(150ml+75ml/150ml+150ml),클렌징,닥터지,276,4.0398550724637685,72,0,204
oliveyoung,A000000145898,얼트루 아임쏘리포마이스킨 리바이탈라이징 젤리마스크 (본품4매+1매 추가 증정),마스크팩,얼트루,281,4.644128113879003,5,12,264
oliveyoung,A000000146512,[1등 클렌징 티슈] 아리얼 더 퍼펙트 클렌징 티슈 플러스 100매,클렌징,아리얼,315,4.117460317460317,66,0,249
oliveyoung,A000000146589,[수분진정] 아비브 어성초 카밍 토너 스킨부스터 200ml,토너,아비브,246,4.40650406504065,28,14,204
oliveyoung,A000000146757,폰즈 클리어 스파 립앤아이 리무버 300ml+120ml 기획,클렌징,폰즈,51,5.0,0,0,51
oliveyoung,A000000147080,[72관왕/1위] 린제이 프리미엄 쿨티트리 모델링 팩 1Kg,마스크팩,린제이,263,4.562737642585551,22,11,230
oliveyoung,A000000147573,[조슈아PICK] 리얼베리어 마스크 10매 3종 택1(장벽/수분/쿨링),마스크팩,리얼베리어,257,4.136186770428016,54,1,202
oliveyoung,A000000147647,[여드름기능성/뽀득폼] 아크네스 퍼펙트 솔루션 폼클렌저 125ml+75ml 증량기획,클렌징,아크네스,235,4.370212765957447,22,24,189
oliveyoung,A000000147835,비페스타 클렌징티슈 브라이트닝 트리플기획 (46매X3),클렌징,비페스타,229,4.77292576419214,1,0,228
oliveyoung,A000000148023,[추가증정/저자극] 닥터지 약산성 클렌징 젤 폼 200ml+100ml 증정 기획,클렌징,닥터지,274,4.124087591240876,59,1,214
oliveyoung,A000000148112,아벤느 클리낭스 클렌징 젤 400ml *피지잡는 *약산성클렌저 *클렌징폼,클렌징폼,아벤느,63,4.873015873015873,0,1,62
oliveyoung,A000000148981,스킨푸드 수비드 마스크시트 1매 10종 중 택1,마스크팩,스킨푸드,234,4.4743589743589745,28,8,198
oliveyoung,A000000149066,[1등 클렌징 티슈] 아리얼 더 퍼펙트 클렌징 티슈 플러스 더블기획 (100매x2개입),클렌징,아리얼,252,4.448412698412699,23,24,205
oliveyoung,A000000149135,[1등썬] 라운드랩 자작나무 수분 선크림 50ml 기획(50ml+크림 20ml/50ml+클렌저 20ml),선크림,라운드랩,273,3.93040293040293,65,1,207
oliveyoung,A000000149140,[대용량/약산성] 라운드랩 1025 독도 클렌징 워터 1+1 기획 (400ml+400ml),클렌징,라운드랩,273,4.263736263736264,45,11,217
oliveyoung,A000000149179,메디힐 티트리 임팩트인 밸런싱 마스크 1매,쿠션팩트,메디힐,290,4.0793103448275865,68,0,222
oliveyoung,A000000150460,[대용량] 식물나라 보송 페이스 앤 바디 선 스틱 30g (단품/1+1),선크림,식물나라,306,3.849673202614379,82,2,222
oliveyoung,A000000151904,[5중프루프] 식물나라 워터프루프 선 크림 100mL,선크림,식물나라,274,4.021897810218978,66,4,204
oliveyoung,A000000152767,에스트라 테라크네365 클리어 딥 클렌징 폼 200g,클렌징폼,에스트라,259,4.158301158301159,46,18,195
oliveyoung,A000000154175,일리윤 저자극 이지워시 선크림 150ML,선크림,일리윤,117,4.837606837606837,2,0,115
oliveyoung,A000000154644,[대용량/약산성] 라운드랩 1025 독도 클렌저 250ml,클렌징,라운드랩,273,4.069597069597069,63,3,207
oliveyoung,A000000155253,[수분진정] 아비브 어성초 카밍 토너 스킨부스터 더블 기획 (200ml+200ml),토너,아비브,227,4.229074889867841,41,3,183
oliveyoung,A000000156007,[아침세안] 마녀공장 약산성 퓨리파잉 소다폼 150ml X2 기획,클렌징,마녀공장,261,4.14176245210728,49,10,202
oliveyoung,A000000157350,[트러블모공] 디오디너리 나이아신아마이드 10% + 징크 1% 30ml,스킨케어,디오디너리,317,3.8201892744479493,87,4,226
oliveyoung,A000000158243,브링그린 프레시볼 팩 8g 8종,마스크팩,브링그린,311,3.9292604501607715,79,1,231
oliveyoung,A000000158513,[리필기획] 메이크프렘 세이프 미 릴리프 모이스처 클렌징밀크 기획 (200ml+100ml 리필),클렌징,메이크프렘,307,4.214983713355049,57,11,239
oliveyoung,A000000158615,[트러블모공] 디오디너리 나이아신아마이드 10% + 징크 1% 60ml,스킨케어,디오디너리,296,3.8344594594594597,79,5,212
oliveyoung,A000000158752,[1등마스크] 토리든 시트 마스크 10매 4종(수분/진정/브라이트닝/모공),마스크팩,토리든,291,4.52233676975945,24,15,252
oliveyoung,A000000159468,[잡티톤업/비타민C세럼] 닥터디퍼런트 CEQ 안티옥시던트 세럼 15ml,세럼,닥터디퍼런트,306,4.673202614379085,9,17,280
oliveyoung,A000000159921,라로슈포제 시카플라스트 로션 B5 판테놀 시카에센스 토너 200ml,토너,라로슈포제,236,4.411016949152542,25,17,194
oliveyoung,A000000160796,[더블기획] 라운드랩 자작나무 수분 패드 더블 기획 (80매+80매),마스크팩,라운드랩,301,4.229235880398671,53,15,233
oliveyoung,A000000160901,[1매] 넘버즈인 1번~5번 마스크팩 5종 중 택 1,마스크팩,넘버즈인,65,4.861538461538461,0,0,65
oliveyoung,A000000160902,[대용량] 메이크프렘 세이프 미 릴리프 모이스처 클렌징 밀크 500ml,클렌징,메이크프렘,274,4.697080291970803,2,5,267
oliveyoung,A000000161508,[대용량] 라운드랩 1025 독도 로션 400ml,스킨케어,라운드랩,311,4.196141479099678,63,1,247
oliveyoung,A000000161510,[단독기획] 마녀공장 허브 그린 클렌징오일 200ml (+약산성소다폼 20ml*2ea),클렌징오일,마녀공장,274,3.9197080291970803,74,3,197
oliveyoung,A000000161581,[누적판매 1700만]스킨1004 마다가스카르 센텔라 앰플 55ml,세럼,스킨1004,290,4.117241379310345,62,7,221
oliveyoung,A000000161681,[1등모공패드] 메디큐브 제로 모공 패드 2.0 70매,마스크팩,메디큐브,78,4.32051282051282,8,3,67
oliveyoung,A000000162037,[화잘먹패드] 웰라쥬 리얼 히알루로닉 블루 토너 패드 70매 기획 (+원데이키트1ea),토너,웰라쥬,267,4.543071161048689,15,30,222
oliveyoung,A000000162243,[수분쿨링] 라운드랩 자작나무 수분 선쿠션 15g,선크림,라운드랩,260,4.053846153846154,51,14,195
oliveyoung,A000000162279,[1등필링/화잘먹] 닥터지 브라이트닝 필링젤 기획 (120g+60g+히알시카세럼2ml/120g+120g+10g),세럼,닥터지,321,3.8411214953271027,88,1,232
oliveyoung,A000000162370,[더블기획] 마녀공장 갈락 필링젤 대용량 120mlX2 더블 기획,클렌징,마녀공장,221,4.416289592760181,23,19,179
oliveyoung,A000000162700,[3회연속1등] 김정문알로에 큐어 쿨링 선스틱 23g [얼음자차],선크림,큐어,85,5.0,0,0,85
oliveyoung,A000000163444,[1+1] 아크웰 버블프리 클렌징 젤 160ml 기획,클렌징,아크웰,276,4.355072463768116,39,10,227
oliveyoung,A000000163503,[저자극/안심자차] 라운드랩 자작나무 무기자차 선크림 50ml 기획 (+클렌저20ml),선크림,라운드랩,258,4.038759689922481,57,5,196
oliveyoung,A000000164845,[시카쿨링] AHC 세이프온 마일드 선 쿠션 25g,쿠션팩트,AHC,215,4.311627906976744,26,12,177
oliveyoung,A000000165177,[저자극/약산성] 라운드랩 1025 독도 클렌저 200ml+200ml,클렌징,라운드랩,209,4.712918660287081,6,10,193
oliveyoung,A000000165598,[더블기획/1+1] 토리든 다이브인 히알루론산 수딩 크림 더블기획 (100ml+100ml),스킨케어,토리든,321,4.024922118380062,78,0,243
oliveyoung,A000000165704,[긴급진정] 라운드랩 소나무 진정 시카 마스크 10매,마스크팩,라운드랩,291,3.93127147766323,77,2,212
oliveyoung,A000000165797,[대용량/올영단독] 넘버즈인 1번 말끔 순삭 클렌징 오일 400ml 대용량,클렌징오일,넘버즈인,292,3.797945205479452,84,3,205
oliveyoung,A000000166296,[대용량]식물나라 보송/쿨링/워터프루프 선 스틱 3종 (리필기획/1+1),선크림,식물나라,66,4.121212121212121,13,0,53
oliveyoung,A000000166510,차앤박(CNP) 프로폴리스 에너지 앰플 미스트 250ml,세럼,차앤박,308,4.321428571428571,47,10,251
oliveyoung,A000000166586,[단독/대용량] 라운드랩 자작나무 수분 크림 120ml 기획 (+수분패드 4매),수분크림,라운드랩,302,3.9701986754966887,74,2,226
oliveyoung,A000000166626,[1번팩2매추가증정/5매] 넘버즈인 1번~5번 마스크팩 5매 기획 5종 중 택 1,마스크팩,넘버즈인,277,4.0,66,1,210
oliveyoung,A000000166709,[단독기획] 스킨푸드 패드 레시피 11종 모음,마스크팩,스킨푸드,148,4.324324324324325,21,3,124
oliveyoung,A000000167155,[산뜻진정/대용량기획] 더랩바이블랑두 그린 플라보노이드 2.5 패드 90매 리필 기획 (+90매),마스크팩,더랩바이블랑두,290,4.255172413793104,37,25,228
oliveyoung,A000000167392,스킨1004 마다가스카르 센텔라 퀵카밍 패드,마스크팩,스킨1004,241,4.7053941908713695,9,11,221
oliveyoung,A000000167832,[뽀득클렌징/지성피부] 바닐라코 클린잇제로 포어 클래리파잉 폼 클렌저 150ml 더블기획,클렌징,바닐라코,251,4.434262948207171,23,16,212
oliveyoung,A000000167857,코스알엑스 약산성 굿모닝 젤 클렌저 150ml 더블 기획,클렌징,코스알엑스,275,4.127272727272727,58,6,211
oliveyoung,A000000169035,[올리브영 단독기획] 믹순 콩 에센스 50ml 기획 (+병풀 에센스 20ml),스킨케어,믹순,288,3.9722222222222223,74,3,211
oliveyoung,A000000169499,[수분 선크림][누적판매1700만개]스킨1004 마다가스카르 센텔라 히알루-시카 워터핏 선세럼 50ml,선크림,스킨1004,108,5.0,0,0,108
oliveyoung,A000000169509,파티온 노스카나인 클렌징워터 500ml,클렌징,파티온,250,4.408,26,19,205
oliveyoung,A000000169906,[트러블/진정] 듀이트리 AC 딥 진정 모공 패드 60매 기획 (+20매 증정),마스크팩,듀이트리,134,4.91044776119403,0,4,130
oliveyoung,A000000170326,[NCT 재민PICK] 이즈앤트리 머그워트 카밍 클레이 마스크 100ml,마스크팩,이즈앤트리,254,4.354330708661418,15,40,199
oliveyoung,A000000170330,[단독기획] 토리든 마스크 시트 5+1매 3종 (수분/진정/브라이트닝),마스크팩,토리든,247,4.109311740890688,52,0,195
oliveyoung,A000000170402,[올영단독] 원데이즈유 피지쏙쏙 노 모어 블랙헤드 100ml 기획 (+코팩 패드 10매 증정),클렌징,원데이즈유,273,3.5164835164835164,88,14,171
oliveyoung,A000000170538,식물나라 제주 탄산수 딥 클렌징티슈 100매[단품/더블],클렌징,식물나라,234,3.948717948717949,55,7,172
oliveyoung,A000000171426,[76관왕 No.1] 메디힐 더마 패드 100매 7종 피부 고민별 골라담기,마스크팩,메디힐,18,1.8888888888888888,14,0,4
oliveyoung,A000000171427,[1위 패드] 메디힐 더마 패드 200매 대용량 기획 세트 4종 골라담기,마스크팩,메디힐,19,4.842105263157895,0,1,18
oliveyoung,A000000171581,"[남성 선물 추천] 우르오스 2종 세트 택1(지복합성, 중건성)",스킨케어,우르오스,170,4.523529411764706,3,8,159
oliveyoung,A000000171820,[1등코팩/5관왕] 일소 네추럴 마일드 클리어 노우즈 팩 5매입,마스크팩,일소,295,3.823728813559322,79,4,212
oliveyoung,A000000172635,[수분진정] 아드망 마린 켈프 아쿠아 모이스처 토너패드 60매,토너,아드망,197,4.380710659898477,11,18,168
oliveyoung,A000000173588,토리든 다이브인/밸런스풀 패드 증정기획 2종 택 1 (+10매 증정)(수분/진정),마스크팩,토리든,298,4.026845637583893,67,7,224
oliveyoung,A000000173710,[1+1 기획] 김정문알로에 큐어 알로에 수딩젤 기획 150ml X 2,선크림,큐어,242,4.425619834710743,22,21,199
oliveyoung,A000000173966,[영양보습] 제이준 인텐시브 블루밍 원스텝 벚꽃 마스크 1매,마스크팩,제이준,207,4.5893719806763285,4,22,181
oliveyoung,A000000175069,[곽민경PICK/단독기획] CKD 겔마스크 4+1매 (모공탄력/기미잡티) 2종,마스크팩,CKD,301,3.990033222591362,70,5,226
oliveyoung,A000000175915,[단독기획] 토리든 다이브인 저분자 히알루론산 클렌징폼 150ml 기획 (+30ml 증정),클렌징폼,토리든,269,4.356877323420075,35,17,217
oliveyoung,A000000177051,아크네스 클리어&화이트 포밍워시 1+1 기획,클렌징,아크네스,255,4.337254901960784,33,21,201
oliveyoung,A000000177758,"[추가증정] 넘버즈인 토너패드 증정 기획 중 택 1(1번, 5번)",토너,넘버즈인,312,3.8141025641025643,85,4,223
oliveyoung,A000000178796,투비건 컬러푸드시리즈 화이트 홀썸 클렌징밤 120ml,클렌징,투비건,144,4.840277777777778,0,6,138
oliveyoung,A000000179127,토코보 선스틱 19g SPF50+ PA++++ (코튼 소프트/시카 쿨링),선크림,토코보,278,4.244604316546763,48,9,221
oliveyoung,A000000179295,[리필기획] 톤핏선 파데프리 비건 얇착밀착 선쿠션 2종 택1(핑베톤업/베베톤업) SPF50+ PA++++,선크림,톤핏선,301,3.777408637873754,85,5,211
oliveyoung,A000000179353,[톤업선크림] 에스쁘아 워터 스플래쉬 선크림 세라마이드 60ml,선크림,에스쁘아,241,4.236514522821577,40,10,191
oliveyoung,A000000180141,[수분선스틱]닥터지 레드 블레미쉬 수딩 업 선스틱 21g,선크림,닥터지,244,4.504098360655738,14,23,207
oliveyoung,A000000180455,[2900만장판매/1등코팩] 일소 네추럴 마일드 클리어 노우즈 팩 10매 기획,마스크팩,일소,63,4.349206349206349,9,1,53
oliveyoung,A000000180474,[증정기획/대용량] 토리든 다이브인 저분자 히알루론산 토너 500ml 기획 (+화장솜 60매 증정),토너,토리든,335,4.026865671641791,76,1,258
oliveyoung,A000000180506,[여배우화잘먹선 /5ml 추가 증정] 아떼 비건 릴리프 선 에센스EX 50ml 1+1 기획/단품,선크림,아떼,281,4.2811387900355875,47,10,224
oliveyoung,A000000181343,"[PDRN출시] 바이오던스 리얼 딥 마스크 4매 (PDRN, 콜라겐, 세라놀, 비타, 씨켈프)",마스크팩,바이오던스,240,3.9375,62,5,173
oliveyoung,A000000181478,[블랙헤드쏙오프] 비플레인 녹두 클렌징 오일 200ml 기획 (+50ml),클렌징오일,비플레인,142,4.647887323943662,7,4,131
oliveyoung,A000000181703,[생기촉촉] 라운드랩 자작나무 수분 톤업선크림 50ml 기획 (+클렌저 20ml),선크림,라운드랩,250,4.044,55,8,187
oliveyoung,A000000182307,[버블클렌저] 센카 퍼펙트 휩 스피디 150mL+150mL 2입,클렌징,센카,256,4.640625,5,25,226
oliveyoung,A000000182581,[한정기획/강력진정] 닥터자르트 시카페어 인텐시브 수딩 리페어 크림 기획(50ml+15ml*2ea),스킨케어,닥터자르트,245,4.371428571428571,23,28,194
oliveyoung,A000000182630,"[대용량140매] 넘버즈인 토너패드 리필 기획(1번,5번)",토너,넘버즈인,332,3.9849397590361444,80,2,250
oliveyoung,A000000182782,[산뜻진정] 구달 맑은 어성초 진정 쿨링 선스틱 19g 1+1 기획,선크림,구달,247,4.336032388663968,35,13,199
oliveyoung,A000000182989,[보송/1등 노세범] AHC 마스터즈 에어리치 선스틱 22g,선크림,AHC,286,4.080419580419581,67,1,218
oliveyoung,A000000183056,[청담샵 화잘먹]그린핑거 포레스트 워터리 에센스 선크림 80ml,선크림,포레스트,299,4.695652173913044,8,9,282
oliveyoung,A000000183264,[퀵&이지] 아비브 퀵 선스틱 프로텍션 바 22g,선크림,아비브,167,4.6706586826347305,4,6,157
oliveyoung,A000000183509,[단독기획] 에뛰드 순정약산성6.5휩클렌저 250ml 대용량기획(250ml+리필250ml),클렌징,에뛰드,262,4.5038167938931295,15,29,218
oliveyoung,A000000183707,[한정수량/오리지널 c-PDRN] 리쥬란 힐러 턴오버 앰플 듀얼 이펙트 30ml 기획(+7ml),세럼,리쥬란,25,3.24,0,22,3
oliveyoung,A000000183736,[트러블진정] 한율 어린쑥 5분 트러블진정패드 60+10매 (어린쑥패드),마스크팩,한율,306,4.281045751633987,44,23,239
oliveyoung,A000000183747,[1+1한정기획] 한율 달빛유자 수면팩 70ml+70ml,마스크팩,한율,260,4.338461538461538,37,12,211
oliveyoung,A000000184060,[1등레티놀] 아이오페 레티놀 슈퍼 바운스 세럼 30ml 기획 (+세럼 10ml+바이오에센스48ml),세럼,아이오페,146,4.438356164383562,17,0,129
oliveyoung,A000000184159,[추가증정기획/뽀송 무기자차] 메이크프렘 유브이 디펜스 미 노세범 선크림 40ml+40ml 기획 (택 1),선크림,메이크프렘,226,4.057522123893805,54,3,169
oliveyoung,A000000184348,[원조겔팩] 바이오던스 리얼 딥 마스크 16매 (콜라겐/세라놀),마스크팩,바이오던스,263,4.1216730038022815,45,21,197
oliveyoung,A000000184352,넘버즈인 1번 청초 진정맑은 물막선크림 듀오 기획 (SPF50+PA++++),선크림,넘버즈인,278,4.158273381294964,58,4,216
oliveyoung,A000000184368,[모공&블랙헤드/노란티스] 티스 딥 오프 클렌징오일 320ml,클렌징오일,티스,249,4.132530120481928,50,4,195
oliveyoung,A000000184371,[대용량기획/노란티스] 티스 딥오프 오일 320mL 더블기획,클렌징,티스,226,4.451327433628318,19,16,191
oliveyoung,A000000184643,[모공쏙폼] 메디필 레드 락토 콜라겐 클리어 폼 2.0 대용량 300ml 기획 (+해면),클렌징,메디필,302,3.8642384105960264,82,2,218
oliveyoung,A000000184658,[트러블클렌저] 메디필 그린 시카 콜라겐 클리어 젤 클렌저 2.0 대용량 300ml 기획,클렌징,메디필,261,4.153256704980843,57,3,201
oliveyoung,A000000184697,[10년 연속 1위] 아이오페 맨 올데이 퍼펙트 올인원 120ml 기획 (+30ml),스킨케어,아이오페,262,4.6603053435114505,10,16,236
oliveyoung,A000000184949,[초마드PICK]라씨엘르 엔자임 곡물 클렌징 파우더워시 60g 기획 (+미니어처 10g),클렌징,라씨엘르,271,4.302583025830258,41,11,219
oliveyoung,A000000185112,브링그린 프레시 마스크 1매/10매 (히알루 수분/티트리 진정/글루타치온 톤업/알로에 수딩),마스크팩,브링그린,332,4.063253012048193,75,0,257
oliveyoung,A000000185115,[1분진정] 브링그린 티트리 시카 트러블 수딩 토너패드 90매 (리필기획/단품),토너,브링그린,288,4.097222222222222,64,2,222
oliveyoung,A000000185118,[저자극] 브링그린 티트리 시카 센시티브 클렌징 워터 500mL,클렌징,브링그린,263,4.418250950570342,28,21,214
oliveyoung,A000000185175,[4매/3종] 아비브 콜라겐 겔 마스크 4매 (어성초/수분초/부활초),마스크팩,아비브,309,4.0,73,4,232
oliveyoung,A000000185308,[NCT 재민PICK/단독기획] 이즈앤트리 참마 비건 밀크 클렌저 220ml 리필기획 (+리필100ml),클렌징,이즈앤트리,73,5.0,0,0,73
oliveyoung,A000000185429,[1+1] 프리메라 필링 투 폼 클렌저 120ml 1+1 기획/단품,클렌징,프리메라,209,4.645933014354067,3,4,202
oliveyoung,A000000185512,"파파레서피 효소 파우더 클렌저 50g (블레미쉬(광채), 가지(보습), 티트리(진정)",클렌징,파파레서피,292,3.8801369863013697,76,6,210
oliveyoung,A000000185793,[약산성저자극] 아비브 아크네 폼 클렌저 어성초 폼 150ml,클렌징,아비브,267,4.191011235955056,41,21,205
oliveyoung,A000000186409,[여드름 기능성/피지케어] 블랑네이처 아크네 클렌징 폼 단품/기획,클렌징폼,블랑네이처,277,4.0,60,31,186
oliveyoung,A000000187479,[천만돌파/말끔모공]비플레인 녹두 약산성 클렌징폼기획 160ml+40ml 기획,클렌징폼,비플레인,100,4.9,0,0,100
oliveyoung,A000000187480,[여배우PICK] 바이오던스 바이오 콜라겐 리얼 딥 마스크 7매,마스크팩,바이오던스,242,3.78099173553719,70,6,166
oliveyoung,A000000187675,[하루특가/산뜻청량] 라운드랩 포 맨 자작나무 토너/로션 2종 기획 (+쉐이빙폼 40ml),토너,라운드랩,211,4.421800947867299,22,12,177
oliveyoung,A000000187712,[포켓몬에디션] 브링그린 징크테카 트러블 세럼 (리필+보냉백증정기획),세럼,브링그린,207,4.0144927536231885,45,12,150
oliveyoung,A000000187817,[보들촉촉/녹두필링] 비플레인 녹두 밀크 필링 젤 120ml+40ml 기획,클렌징,비플레인,247,4.336032388663968,29,21,197
oliveyoung,A000000188019,[1매/5종] 아비브 껌딱지 시트 마스크 스티커 1매 (어성초/수분초/마데카소사이드/콜라겐밀크/비타),마스크팩,아비브,332,4.11144578313253,70,2,260
oliveyoung,A000000188024,[10매/5종] 아비브 껌딱지 시트 마스크 스티커 10매 (어성초/수분초/마데카소사이드/콜라겐밀크/비타),마스크팩,아비브,117,4.888888888888889,1,0,116
oliveyoung,A000000188373,브리스킨 엑소펩타이드 콜라겐 마스크 5매(부활초/어성초),마스크팩,브리스킨,137,4.700729927007299,5,6,126
oliveyoung,A000000188794,[NCT 재민PICK] 이즈앤트리 어니언 뉴페어 클리어 패드 60매 (+20매 리필 증정기획),마스크팩,이즈앤트리,268,4.022388059701493,63,7,198
oliveyoung,A000000188876,[화잘먹/쌀알춘식이스트레스볼] 조선미녀 맑은쌀 선크림 50ml 2입 기획,선크림,조선미녀,254,4.566929133858268,15,23,216
oliveyoung,A000000189004,[재구매율 1위 미스트] 바이오힐 보 판테셀 리페어시카 크림미스트 120mL [기내용/단품/더블기획],미스트,바이오힐보,275,4.250909090909091,47,10,218
oliveyoung,A000000189171,[림온PICK/모공컨트롤샷]폴라초이스 10% 나이아신아마이드 부스터 앰플 20ml 기획(+디럭스 2종),세럼,폴라초이스,282,4.609929078014185,10,7,265
oliveyoung,A000000189181,[수부지토너]브링그린 티트리 시카 수딩 토너 (500ml/250ml),토너,브링그린,333,3.8978978978978978,86,2,245
oliveyoung,A000000189195,[1+1] 더샘 내추럴 마스크팩 1매 (알로에/레몬/녹차/허니/석류 5종 택 1),마스크팩,더샘,180,4.411111111111111,25,7,148
oliveyoung,A000000189488,[속보습루틴] 더랩바이블랑두 저분자 히알루론산 딥 토너 200ml + 50ml 기획,토너,더랩바이블랑두,260,4.423076923076923,28,17,215
oliveyoung,A000000189492,[저자극 약산성] 라곰 수분 약산성 피에이치 큐어 클렌저 120ml,클렌징,라곰,86,4.616279069767442,3,3,80
oliveyoung,A000000189769,[모공플럼핑 수분앰플] 메디필 히알루론산 레이어 물톡스 앰플 더블 기획 30ml+30ml,세럼,메디필,255,4.43921568627451,24,25,206
oliveyoung,A000000189837,[흔적미백] 넘버즈인 5번 글루타치온C 흔적 앰플 30ml+30ml 듀오기획,세럼,넘버즈인,311,3.8842443729903535,79,3,229
oliveyoung,A000000189875,[1+1] 토리든 다이브인 저분자 히알루론산 클렌징폼 더블기획 (150ml+150ml),클렌징폼,토리든,129,4.441860465116279,16,2,111
oliveyoung,A000000190369,[판매량 1억개 돌파/대용량] AHC 텐 레볼루션 리얼 아이크림 포 페이스 더블 기획,아이크림,AHC,283,4.431095406360424,32,16,235
oliveyoung,A000000190422,[꼼꼼/1+1] 키스미 히로인메이크 스피디 마스카라 리무버 1+1 한정기획,마스카라,키스미,108,4.685185185185185,7,1,100
oliveyoung,A000000190494,[역대급증정/선크림순싹/수분쌀뜨물폼] 에스네이처 아쿠아 라이스 약산성 클렌징폼 160ml 기획 (+클렌징폼 20ml),선크림,에스네이처,274,4.427007299270073,32,15,227
oliveyoung,A000000191483,[박희선Pick/대용량] 아누아 어성초 포어 컨트롤 클렌징오일 350ml,클렌징오일,아누아,68,4.955882352941177,0,0,68
oliveyoung,A000000192405,[리우 PICK][1등크림/올영단독] 더하르나이 시카이드 크림 100ml+30ml 기획,스킨케어,더하르나이,277,4.166064981949458,58,3,216
oliveyoung,A000000193133,브링그린 모델링 팩 28g [티트리 시카/대나무 히알루/슈퍼 레몬 글루타치온],마스크팩,브링그린,223,3.4573991031390134,79,7,137
oliveyoung,A000000195970,[청량보습] 라운드랩 포 맨 자작나무 토너/크림 2종 기획 (+쉐이빙폼 40ml),토너,라운드랩,249,4.714859437751004,5,13,231
oliveyoung,A000000196979,일리윤 프레쉬 모이스춰 립앤아이 리무버 300ML,클렌징,일리윤,317,3.968454258675079,78,0,239
oliveyoung,A000000197743,[5분 마스크팩] 스킨푸드 데일리 마스크 30매 6종,마스크팩,스킨푸드,233,4.493562231759657,12,16,205
oliveyoung,A000000198320,[올영 어워즈 1등 크림] 에스트라 아토베리어365 크림 80ml,스킨케어,에스트라,262,4.091603053435114,57,10,195
oliveyoung,A000000198321,에스트라 아토베리어365 로션 150ml,스킨케어,에스트라,72,4.902777777777778,0,1,71
oliveyoung,A000000198631,식물나라 제주 알로에 촉촉 수딩젤 200ml 단품/2입,선크림,식물나라,271,4.4206642066420665,30,19,222
oliveyoung,A000000198739,[매끈밀착썬/조앤프렌즈 콜라보] 셀퓨전씨 레이저 UV 썬스크린 35ml 더블 기획 (+조앤프렌즈 피규어 선크림 집게),선크림,셀퓨전씨,217,3.9953917050691246,51,9,157
oliveyoung,A000000198780,[원조율무팩] 리터니티 율무 요철모공 팩 120g 기획세트,마스크팩,리터니티,256,4.08203125,43,29,184
oliveyoung,A000000198831,[피지클렌징] 마몽드 어메이징 딥 민트 클렌징밤 90ml 기획 (팩클렌저 25g 증정),클렌징,마몽드,255,4.294117647058823,36,15,204
oliveyoung,A000000198875,[피지흡착팩] 브링그린 티트리 시카 포어 클레이팩 스트롱 100g(2입/단품),마스크팩,브링그린,281,3.7224199288256226,84,4,193
oliveyoung,A000000199283,[1+1/저자극 유분케어] 유세린 더모퓨리파이어 폼클렌저 150g 기획(150g+150g),클렌징,유세린,217,4.686635944700461,3,6,208
oliveyoung,A000000199484,[12억장돌파] 메디힐 더 NMF 앰플 마스크 오리지널 10매,세럼,메디힐,269,4.4944237918215615,25,17,227
oliveyoung,A000000199701,[카디비PICK|탄력보습] 바이오힐보 프로바이오덤 3D 리프팅 크림 50ml [단품/기획],스킨케어,바이오힐보,273,4.604395604395604,14,22,237
oliveyoung,A000000200233,[12시간피지감소] 라타플랑 미나리 시카트러블 진정 선크림 1+1 기획 (50ml+50ml),선크림,라타플랑,298,4.593959731543624,12,11,275
oliveyoung,A000000200328,[수분보습] 디오디너리 히알루로닉 애시드 2% + B5 60ml,스킨케어,디오디너리,153,4.542483660130719,5,6,142
oliveyoung,A000000200353,[히알속수분세럼 / 대용량기획세트] 오어스 히알루론시카 7초 세럼 인 앰플 105ml 기획(+15ml),세럼,오어스,269,4.5130111524163565,23,22,224
oliveyoung,A000000200614,[쿨톤보정/세미매트] 달바 퍼플 톤업 선크림 듀오 기획 (50ml+50ml),선크림,달바,64,4.796875,1,3,60
oliveyoung,A000000200646,[포켓몬에디션/3일 집중진정]브링그린 징크테카 트러블 세럼 (대용량기획),세럼,브링그린,317,3.7949526813880126,89,6,222
oliveyoung,A000000200647,[무기자차 TOP] 아떼 비건 릴리프 무기자차 선크림 50ml 1+1 기획/단품,선크림,아떼,301,4.1262458471760795,68,3,230
oliveyoung,A000000200673,[조슈아PICK/1+1] 리얼베리어 세라 수분 장벽 선크림 50ml 1+1 기획,선크림,리얼베리어,210,4.480952380952381,12,14,184
oliveyoung,A000000200805,[NEW/화잘먹 3종] 마몽드 리퀴드 마스크 80ml_로즈/피어니(지성)/데이지(미백),마스크팩,마몽드,327,3.675840978593272,102,5,220
oliveyoung,A000000201172,브링그린 티트리 시카 톤업 선쿠션 15g,선크림,브링그린,234,3.888888888888889,60,8,166
oliveyoung,A000000201312,[리필기획] AGE20S 선 에센스 팩트 무기자차 카밍 기획 (본품+리필),쿠션팩트,에이지투웨니스,276,4.431159420289855,26,23,227
oliveyoung,A000000201377,SRB 쌀뜨물 미강 효소 세안제 100g 대용량,클렌징,SRB,197,4.441624365482234,11,27,159
oliveyoung,A000000202197,[즉각쿨링] 라운드랩 자작나무 수분 선스틱 19g+19g,선크림,라운드랩,238,4.445378151260504,22,16,200
oliveyoung,A000000202299,[청담샵 화잘먹/속수분] 그린핑거 포레스트 피톤 시카 세럼 50ml,세럼,포레스트,304,4.713815789473684,1,7,296
oliveyoung,A000000202305,[대용량] 듀이트리 픽앤퀵 뜯어쓰는 더블 패드 100매 (화장발/카밍풀/모공탄력/비타광채),마스크팩,듀이트리,275,4.48,15,27,233
oliveyoung,A000000202359,[PDRN선세럼10ml 추가증정/무기자차] 메이크프렘 수딩 핑크 톤업 선크림 40ml+40ml 기획 (+20ml),선크림,메이크프렘,253,4.229249011857707,41,15,197
oliveyoung,A000000202400,[3회연속1등] 김정문알로에 큐어 쿨링 선스틱 2입(23g + 23g) [얼음자차],선크림,큐어,268,4.5111940298507465,22,17,229
oliveyoung,A000000202446,"[6월올영픽]식물나라 뽀얀쌀 생기 톤업 수분 선 크림 100mL 단품 3종 (생기,보라,초록)",선크림,식물나라,109,4.697247706422019,3,4,102
oliveyoung,A000000202462,[수분잠금] 빌리프 슈퍼 드랍스 멀티7 히알루론세럼 30ml 단품/기획(+30ml 리필 증정),세럼,빌리프,281,4.658362989323844,8,14,259
oliveyoung,A000000202472,[피지순삭/요철삭제] 에이프릴스킨 당근클렌징밤 90ml 기획 (+미니밤 2개 증정),클렌징,에이프릴스킨,277,3.9133574007220218,71,2,204
oliveyoung,A000000202548,[산뜻보송] 달바 퍼플 톤업 선크림 50ml,선크림,달바,241,3.6970954356846475,79,1,161
oliveyoung,A000000202675,[1등 클렌징밤] 바닐라코 클린잇제로 오리지널 클렌징밤 100ml,클렌징,바닐라코,291,4.254295532646048,58,1,232
oliveyoung,A000000202678,[블랙헤드 쏙] 바닐라코 클린잇제로 포어클래리파잉 클렌징밤 100ml,클렌징,바닐라코,314,4.140127388535032,68,1,245
oliveyoung,A000000202690,[민감피부 클렌징]바닐라코 클린잇제로 카밍 클렌징밤 100ml,클렌징,바닐라코,255,4.513725490196078,16,23,216
oliveyoung,A000000202893,[수분충전/쿨링진정] 에스네이처 아쿠아 오아시스 수분 젤크림 90ml 기획 (+카밍패드 2매),스킨케어,에스네이처,283,4.385159010600707,35,20,228
oliveyoung,A000000202899,[스패츌러 증정] 메디힐 블랙헤드 멜팅 클리어 코팩 4매 피지연화,마스크팩,메디힐,312,4.073717948717949,73,2,237
oliveyoung,A000000202914,[쿨링진정] 메디힐 모델링팩&앰플 풀세트 5종 골라담기,세럼,메디힐,301,4.0365448504983386,69,0,232
oliveyoung,A000000202947,[온열소금팩/화잘먹/모공] 토르홉 사우난지앙 솔트마스크 90+7g 미니 기획,마스크팩,토르홉,281,3.9430604982206408,74,2,205
oliveyoung,A000000202948,[초특가]식물나라 UV차단 아웃도어 얼굴/뒷목 선패치(2eaX5sets),마스크팩,식물나라,238,4.546218487394958,14,17,209
oliveyoung,A000000202948,[초특가]식물나라 UV차단 아웃도어 얼굴/뒷목 선패치(2eaX5sets),선크림,식물나라,2,4.5,14,17,209
oliveyoung,A000000203118,프리메라 리페어링 세라캡슐 UV프로텍터 톤업 프라이밍 40ml 더블기획/단품,선크림,프리메라,111,4.585585585585585,1,7,103
oliveyoung,A000000203250,[기프트세트] 바이오힐 보 프로바이오덤 3D 리프팅 스킨케어 2종 세트 (에센셜 토너 150ml+에멀전 150ml),토너,바이오힐보,239,4.7824267782426775,3,4,232
oliveyoung,A000000203518,[화해 트러블1위] 피캄 베리어 사이클 토너패드 60매 (+60매 리필기획),토너,피캄,203,4.5911330049261085,6,11,186
oliveyoung,A000000203685,헤라 리프레싱 클렌징 폼 160g,클렌징폼,헤라,101,4.811881188118812,1,3,97
oliveyoung,A000000203925,라로슈포제 멜라B3 세럼 30ml,세럼,라로슈포제,128,4.5,4,12,112
oliveyoung,A000000203971,[단독기획/속보습] 셀리맥스 더 리얼 노니 에너지 앰플 90ml 기획 (80ml+10ml),세럼,셀리맥스,313,4.041533546325879,74,4,235
oliveyoung,A000000204014,[쫀득팩폼] 한율 피지흡착 쑥떡팩폼 120ml 드롭드롭드롭 기획 (+15ml+카드지갑 키링),클렌징,한율,327,3.8134556574923546,88,4,235
oliveyoung,A000000204081,[오선우pick/파데프리] 아누아 매트벗글로우 커버 베이지 50ml,선크림,아누아,227,3.947136563876652,59,5,163
oliveyoung,A000000204481,[용량UP] 식물나라 제주 탄산수 딥 립 앤 아이 리무버 300mL,클렌징,식물나라,256,4.19140625,52,4,200
oliveyoung,A000000204635,[지함보 기획/추가 증정 2종] 설화수 탄력 3종 기획,스킨케어,설화수,207,4.830917874396135,3,0,204
oliveyoung,A000000205004,[피지케어/화잘먹팩] 토르홉 무스타 콩테 체인저블 퀵 마스크 60g/90g,마스크팩,토르홉,261,4.421455938697318,19,37,205
oliveyoung,A000000205090,[더블] 라운드랩 소나무 진정 시카 클렌저 100ml+100ml,클렌징,라운드랩,269,4.271375464684015,42,14,213
oliveyoung,A000000205435,[빙하수쿨링패드/더블기획] 셀퓨전씨 포스트 알파 쿨링 패드 70매 더블기획(쿨링/시카쿨링),마스크팩,셀퓨전씨,285,4.12280701754386,62,6,217
oliveyoung,A000000205458,[저자극 필링] 바닐라코 클린잇제로 티트리 포어 필링 젤 120ml (+50ml),클렌징,바닐라코,239,4.476987447698745,14,29,196
oliveyoung,A000000205555,아누아 어성초 포어 컨트롤 클렌징오일 200ml 2입,클렌징오일,아누아,310,3.8838709677419354,82,2,226
oliveyoung,A000000205830,[쿨링진정/화해1위 화잘먹 토너패드] 에스네이처 아쿠아 오아시스 판테알란 카밍패드 60매,토너,에스네이처,298,4.553691275167785,10,37,251
oliveyoung,A000000205870,[여드름/좁쌀] 스트라이덱스 맥스플러스패드 55매,마스크팩,스트라이덱스,282,3.780141843971631,86,6,190
oliveyoung,A000000205979,[10매] 넘버즈인 1번~5번 마스크팩 10매 기획 5종 중 택 1,마스크팩,넘버즈인,358,3.977653631284916,90,1,267
oliveyoung,A000000205982,토리든 마스크 시트 1매 4종 택 1(수분/진정/브라이트닝/모공),마스크팩,토리든,326,4.156441717791411,71,1,254
oliveyoung,A000000206052,[모공산뜻/폼30ml증정]비건이펙트 청보리 LHA 딥클렌징 오일 205ml 기획,클렌징오일,비건이펙트,281,4.619217081850533,15,20,246
oliveyoung,A000000206350,[기미잡티집착템] 이지듀 EX DW-EGF 멜라토닝 패치 5g*4매,마스크팩,이지듀,230,4.3304347826086955,16,37,177
oliveyoung,A000000206378,[단독기획/트러블진정] 파티온 노스카나인 트러블 세럼 마스크팩 기획(4+1),마스크팩,파티온,244,4.426229508196721,27,19,198
oliveyoung,A000000206826,[5월 올영픽] (50%용량증정) 에스트라 더마UV365 장벽수분 무기자차 선크림 40ml+20ml,선크림,에스트라,289,4.062283737024221,67,3,219
oliveyoung,A000000206827,[5월 올영픽] 에스트라 더마UV365 레드진정 톤업 선크림 40ml 기획 (+무기자차 선크림 20ml),선크림,에스트라,233,4.412017167381975,24,14,195
oliveyoung,A000000206889,[5년연속수상/단독기획] 스킨푸드 패드 레시피 3종(본품+30매 리필 기획) (당근/감자/복숭아),마스크팩,스킨푸드,187,4.320855614973262,10,16,161
oliveyoung,A000000206904,라로슈포제 시카플라스트 밤 B5+ 100ml 기획 (+3ml 추가증정),스킨케어,라로슈포제,322,3.7267080745341614,96,5,221
oliveyoung,A000000207012,[6월올영픽/폼폼푸린 콜라보/파츠&퍼프 증정] 아떼 톤업 선쿠션 SPF50+ PA++++ 4 colors 기획/단품,선크림,아떼,235,4.123404255319149,37,23,175
oliveyoung,A000000207054,[대용량/속보습폭발] 더랩바이블랑두 올리고 히알루론산 딥 토너 500ml 대용량 기획 (+100ml),토너,더랩바이블랑두,265,4.649056603773585,10,11,244
oliveyoung,A000000207111,토리든 다이브인 포맨 저분자 히알루론산 올인원 200g 단품/기획 (+올인원 20g),스킨케어,토리든,269,4.684014869888476,4,13,252
oliveyoung,A000000207225,[수분진정] 넘버즈인 1번 판토텐산 액티브업 수딩세럼 50ml 리필기획 (50ml+50ml),세럼,넘버즈인,345,3.785507246376812,98,3,244
oliveyoung,A000000207439,[블랙헤드케어템]브링그린 티트리 시카 포어 코팩 5매입,마스크팩,브링그린,312,3.9166666666666665,79,4,229
oliveyoung,A000000207475,[워터젤리/수분장벽] 닥터자르트 더마스크 하이드라 솔루션 프로 (1매) 2종 택1,마스크팩,닥터자르트,183,4.497267759562842,7,18,158
oliveyoung,A000000207640,[블랙헤드/모공세정] 닥터지 그린딥 포어 클렌징밤 100ml 더블/단품,클렌징,닥터지,292,4.191780821917808,53,12,227
oliveyoung,A000000207716,[1+1] 더샘 내추럴 마스크팩 1매 (병풀/오이/쌀/아보카도/티트리 5종 택 1),마스크팩,더샘,175,4.462857142857143,9,27,139
oliveyoung,A000000207898,아누아 어성초 피지쏙 모공 폼 150ml 기획 (+25ml 증정),클렌징,아누아,75,4.586666666666667,7,0,68
oliveyoung,A000000207901,[오선우pick/리뉴얼] 아누아 어성초 실키 모이스처 선크림 50ml 더블 기획,선크림,아누아,236,4.52542372881356,19,17,200
oliveyoung,A000000207982,[쫀쫀버블] 마녀공장 퓨어 소이빈 클렌징폼 160mlx2 더블기획,클렌징폼,마녀공장,223,4.497757847533633,25,0,198
oliveyoung,A000000208182,[7일특가/1+1/1등 화잘먹 속촉촉수분썬] 에스네이처 아쿠아 365 UV 선크림 40ml 2입,선크림,에스네이처,249,4.538152610441767,14,18,217
oliveyoung,A000000208231,[15년연속 1위/4매] 메디힐 에센셜 마스크팩 고기능 7종 골라담기,마스크팩,메디힐,323,4.077399380804954,69,1,253
oliveyoung,A000000208753,[밀착진정] 듀이트리 AC 딥 진정 마스크 1매 (열감/흔적),마스크팩,듀이트리,298,4.067114093959732,65,2,231
oliveyoung,A000000208860,[장벽강화세럼] 퍼셀 20억/mL 픽셀바이옴 유산균 원액 20ml 기획 (+7ml),세럼,퍼셀,299,3.6923076923076925,95,2,202
oliveyoung,A000000208895,[선크림세정] 아이디얼포맨 퍼펙트 클렌징 올인원 폼 150ml,선크림,아이디얼포맨,183,4.743169398907104,0,2,181
oliveyoung,A000000209219,"[포니PICK / 3.0 런칭] 아이레놀 쌩얼크림 3종 50ml (SPF 50+,PA++++)",선크림,아이레놀,261,4.126436781609195,53,7,201
oliveyoung,A000000209372,[청담샵PICK/원조화잘먹]프롬리에 비건 EGF 시카 선앰플 워터/보송/워터키링기획 택 1,세럼,프롬리에,223,4.255605381165919,33,13,177
oliveyoung,A000000209520,[15년 연속 1위] 메디힐 마데카소사이드 에센셜 마스크 10+1매 기획,마스크팩,메디힐,287,3.989547038327526,71,1,215
oliveyoung,A000000209735,[디바이스 2관왕] 메디큐브 부스터프로 짱구 에디션/미니플러스/브이롤러 기획/하이포커스샷 플러스 택 1,스킨케어,메디큐브 에이지알,270,3.988888888888889,65,7,198
oliveyoung,A000000209853,[50ml 추가증정] 몰바니 저자극 LHA 율피 젤 클렌저 200ml,클렌징,몰바니,280,4.396428571428571,36,10,234
oliveyoung,A000000209905,제로이드 더마뉴얼 클렌징젤 200ml,클렌징,제로이드,170,4.6117647058823525,3,6,161
oliveyoung,A000000209910,제로이드 포밍 클렌저 240ml,클렌징,제로이드,263,4.444866920152092,24,25,214
oliveyoung,A000000209913,[세정이 쉬운 무기자차] 제로이드 이지워시 마일드 선크림 50ml,선크림,제로이드,216,4.453703703703703,16,10,190
oliveyoung,A000000210043,[NEW/여행 필수템] 바닐라코 클린잇제로 오리지널 클렌징밤 트래블 키트 16개입,클렌징,바닐라코,30,4.933333333333334,0,0,30
oliveyoung,A000000210417,[증정기획] 헤브블루 살몬 PDRN 센텔라 크림 100ml 기획 (+연어 토너 25ml),토너,헤브블루,312,4.294871794871795,50,17,245
oliveyoung,A000000210604,[UV에이징]아누아 복숭아 나이아신 UV 톤업 프로텍션 50ml,선크림,아누아,120,4.841666666666667,1,1,118
oliveyoung,A000000211003,[1등 속보습] 라네즈 크림스킨 170ml 단품기획 (+50ml),스킨케어,라네즈,270,4.514814814814815,14,16,240
oliveyoung,A000000211052,[단독기획] 아누아 복숭아 70 나이아신아마이드 세럼 30ml 2입,세럼,아누아,229,4.279475982532751,27,29,173
oliveyoung,A000000211170,[단독기획/추가증정] 셀리맥스 시카 지우개 패드 60+20매 기획세트,마스크팩,셀리맥스,259,4.498069498069498,16,26,217
oliveyoung,A000000211172,메이크프렘 세이프 미 아미노 리프레시 클렌징밤 100ml 기획 2종 택1,클렌징,메이크프렘,317,3.908517350157729,84,0,233
oliveyoung,A000000211187,[5월 올영픽/포켓몬 에디션] 듀이트리 AC 딥 열감 진정 마스크 10매 기획 (+1매+포켓몬 스티커),마스크팩,듀이트리,272,4.25,34,34,204
oliveyoung,A000000211302,[7일특가/쿨링진정/화잘먹수분썬] 에스네이처 아쿠아 365 UV 선크림 40ml,선크림,에스네이처,63,4.825396825396825,0,0,63
oliveyoung,A000000211368,휩드 비건 팩클렌저 단지형 80g (5종 중 택1),클렌징,휩드,167,4.508982035928144,2,14,151
oliveyoung,A000000211369,[김지영PICK/NEW피치페어] 휩드 비건 팩클렌저 튜브형 130g (7종 중 택1),클렌징,휩드,72,5.0,0,0,72
oliveyoung,A000000211372,[속보습]코스알엑스 더 6 펩타이드 스킨 부스터 세럼 더블기획,세럼,코스알엑스,290,4.1689655172413795,63,2,225
oliveyoung,A000000211398,[5+1] 웰라쥬 리얼 히알루로닉 블루 앰플 마스크 5+1매 기획,세럼,웰라쥬,283,4.41696113074205,29,23,231
oliveyoung,A000000211480,[단독기획/피지/요철] 토르홉 카모스 블랙 소금거품 클렌저 130g(+5g 미니 증정),클렌징,토르홉,262,4.057251908396947,58,11,193
oliveyoung,A000000211648,[보송밀착/2개구성] 가히 에어리 핏 선스틱 더블 기획(14g+14g),선크림,가히,252,4.575396825396825,12,21,219
oliveyoung,A000000212247,오브제 포어 제로 무스 클레이 팩 100ml,마스크팩,오브제,197,4.715736040609137,2,4,191
oliveyoung,A000000212350,[앰플한병팩] 메디힐 하이퍼 마스크 1매 겔마스크 4종 (콜라겐/PDRN/마데카소사이드/히알루론산),세럼,메디힐,30,2.3,20,0,10
oliveyoung,A000000212351,[겔마스크/4매] 메디힐 하이퍼 마스크 4종 (콜라겐/PDRN/히알루론산/마데카소사이드),마스크팩,메디힐,136,4.823529411764706,1,4,131
oliveyoung,A000000212555,[강력차단]식물나라 워터프루프/알로에쿨링 선 스프레이 100ml (단품/1+1/트리플기획),선크림,식물나라,282,3.9148936170212765,73,4,205
oliveyoung,A000000212570,바이오더마 시카비오 크림+ 100ml 기획 (크림 + 40ml 본품 추가 증정),스킨케어,바이오더마,321,3.965732087227414,83,5,233
oliveyoung,A000000212579,[민킴Pick/300만장판매] 하우스오브비 페이스필름 4매 (글루타치온/피디알엔),마스크팩,하우스오브비,279,4.405017921146953,20,45,214
oliveyoung,A000000212703,[1등팩클렌저/단독기획] 풀리 비건 팩클렌저 기획 3종 (그린토마토/쌀반죽/레드토마토),클렌징,풀리,359,3.935933147632312,93,1,265
oliveyoung,A000000212817,[1+1] 토리든 패드 다이브인/밸런스풀 리필기획 2종 택 1(수분/진정),마스크팩,토리든,262,4.427480916030534,23,25,214
oliveyoung,A000000213119,VT 리들샷 2스텝 마스크팩 10매 2종 택1 (100/300),마스크팩,VT,107,4.878504672897196,0,0,107
oliveyoung,A000000213463,아이디플라코스메틱 페이스핏 플라스터 마스크 기획 (4+1),마스크팩,아이디플라코스메틱,215,4.767441860465116,7,2,206
oliveyoung,A000000213618,[장도연 PICK/1+1] 메디힐 비타민씨 브라이트닝 세럼 40+40ml 더블 기획,세럼,메디힐,226,4.477876106194691,10,33,183
oliveyoung,A000000213921,[올영단독400ml] 포인트앤 딥 클린 올킬 립앤아이 리무버 200ml 1+1 기획,클렌징,포인트앤,236,4.377118644067797,26,19,191
oliveyoung,A000000213922,[올영단독100매] 포인트앤 딥 클린 올킬 클렌징티슈 100매,클렌징,포인트앤,273,4.073260073260073,60,7,206
oliveyoung,A000000214186,[광채피부팩] 온그리디언츠 스킨 베리어 카밍 마스크팩 5매(+1매 증정기획),마스크팩,온그리디언츠,174,4.528735632183908,7,6,161
oliveyoung,A000000214358,[1등모공패드/더보이즈 영훈PICK] 메디큐브 제로 모공 패드 150매 한정기획 (패드 3종 택1),마스크팩,메디큐브,320,3.871875,85,5,230
oliveyoung,A000000214895,[겔마스크/10매] 메디힐 하이퍼 마스크 4종 (콜라겐/PDRN/히알루론산/마데카소사이드),마스크팩,메디힐,25,4.56,2,0,23
oliveyoung,A000000214907,[1등모공세정/15g증정기획] 아렌시아 떡솝 프레시 클렌저 120g 기획 3종 (그린/로즈힙/블루히솝),클렌징,아렌시아,298,3.7449664429530203,88,1,209
oliveyoung,A000000215155,[뽀득촉촉] 스트라이덱스 약알칼리성 저자극 클렌징폼 기획(150ml+50ml),클렌징폼,스트라이덱스,292,4.061643835616438,69,1,222
oliveyoung,A000000215305,[모공탄력/수분진정] 바이오던스 겔 토너 패드 60매 기획(+4매 증정) (세라놀/콜라겐),토너,바이오던스,281,3.793594306049822,81,4,196
oliveyoung,A000000215338,[광채탄력/대용량]메디앤서 비타 콜라겐 나노샷 마스크 10매,마스크팩,메디앤서,255,4.568627450980392,13,11,231
oliveyoung,A000000215416,[올영단독] 헤이미쉬 올클린밤 120ml 기획 (+휴대용 20ml 증정),클렌징,헤이미쉬,208,4.533653846153846,12,15,181
oliveyoung,A000000215420,[깎아밤] 닥터엘시아 퓨어 그라인딩 클렌징밤 50ml,클렌징,닥터엘시아,185,4.52972972972973,11,7,167
oliveyoung,A000000215502,[포켓몬에디션/쿨링진정] 브링그린 알로에 97% 수딩젤 300ml (쿨러기획/2입/단품),선크림,브링그린,332,3.8765060240963853,86,4,242
oliveyoung,A000000215559,[2입 기획] 스킨1004 마다가스카르 센텔라 히알루-시카 워터핏 선세럼 50ml 더블기획,세럼,스킨1004,275,4.552727272727273,28,10,237
oliveyoung,A000000216311,[*피지잡는 *약산성클렌저 *클렌징폼] 아벤느 클리낭스 클렌징 젤 400ml 더블 기획,클렌징폼,아벤느,289,3.913494809688581,73,0,216
oliveyoung,A000000216520,[5월 올영픽/리쥬란 시그니처] 리쥬란 턴오버 앰플 듀얼 이펙트 10ml 더블 단독기획,세럼,리쥬란,299,4.25752508361204,50,13,236
oliveyoung,A000000216855,[화잘먹/광노화] 베라모어 브라이트닝 광채 선세럼 50ml,세럼,베라모어,284,4.637323943661972,5,10,269
oliveyoung,A000000216895,[쿨링진정/쌀알춘식이스트레스볼] 조선미녀 맑은쌀 선크림 아쿠아프레쉬 50ml 2입 기획,선크림,조선미녀,240,4.608333333333333,7,6,227
oliveyoung,A000000217330,"[파데프리] 식물나라 뽀얀쌀 수분 선크림 100ml 단품 3종(생기,보라,초록)",선크림,식물나라,285,3.92280701754386,67,7,211
oliveyoung,A000000217419,[여드름기능성/대용량] 주미소 포어 퓨리파잉 살리실산 포밍 클렌저 150g 더블기획,클렌징,주미소,284,4.542253521126761,19,14,251
oliveyoung,A000000217511,[500회 휘핑] 휩드 비건 팩클렌저 130g 기획 3종 (머그트리/무화버터/유자몽),클렌징,휩드,301,3.7940199335548175,81,3,217
oliveyoung,A000000217620,[15년연속 1위] 메디힐 에센셜 마스크팩 1매 고기능 7종 골라담기,마스크팩,메디힐,18,3.2222222222222223,8,0,10
oliveyoung,A000000217950,[순딩촉촉 우유멜팅] 비플레인 녹두 모공 클렌징 밀크 밤 100ml,클렌징,비플레인,264,4.659090909090909,4,12,248
oliveyoung,A000000218012,[모공케어] 더마토리 살리시닉 포어 클리어 블랙 모공 토너패드 70매 기획 (+휴대용 10매 증정),토너,더마토리,273,4.289377289377289,33,30,210
oliveyoung,A000000218547,에스트라 에이시카365 쿨링진정패드 pH4.5 60매,마스크팩,에스트라,247,4.327935222672065,25,32,190
oliveyoung,A000000218812,[맑은톤밀착썬/조앤프렌즈 콜라보] 셀퓨전씨 잡티 토닝 썬스크린 35ml 더블 기획 (+10ml+조앤프렌즈 캡 키링),선크림,셀퓨전씨,190,4.121052631578947,29,22,139
oliveyoung,A000000218813,[수분밀착썬/조앤프렌즈 콜라보] 셀퓨전씨 아쿠아티카 쿨링 썬스크린 35ml 더블 기획 (+10ml+조앤프렌즈 캡 키링),선크림,셀퓨전씨,197,4.431472081218274,18,16,163
oliveyoung,A000000218862,[겉보속촉/붉은기커버] 달바 그린 톤업 선크림 듀오 기획 (50ml+50ml),선크림,달바,217,4.382488479262673,24,18,175
oliveyoung,A000000218955,[골라담기] 비플레인 선케어 3종 택 1 (녹두 선크림 50ml 1+1/50+50+10m/녹두 선파우더 퍼프 증정기획),선크림,비플레인,93,4.838709677419355,1,2,90
oliveyoung,A000000219046,[수분 진정] 에뛰드 순정 디렉터 수분 선크림 50ml 1+1기획(NEW),선크림,에뛰드,153,4.104575163398692,30,5,118
oliveyoung,A000000219051,[촉촉보라톤업/혼합자차] 비플레인 선뮤즈 톤업 앤 코렉팅 선크림 50ml 1+1 기획,선크림,비플레인,218,4.472477064220183,20,15,183
oliveyoung,A000000219094,[5월 올영픽] (50%용량증정) 에스트라 더마UV365 비타C 광채수분 선크림 40ml 기획(+20ml),선크림,에스트라,213,4.488262910798122,18,12,183
oliveyoung,A000000219108,[수쫀광/화잘먹 위시앰플] 나인위시스 하이드라 수분 앰플 나노 플러스 50ml 리필 기획 (+50ml 리필),세럼,나인위시스,304,4.490131578947368,33,13,258
oliveyoung,A000000219193,[아이돌물광팩/한정기획] 메디큐브 콜라겐 나이트 랩핑 마스크 75ml (+브러쉬 증정기획),마스크팩,메디큐브,31,2.0,24,1,6
oliveyoung,A000000219235,[쌀겨수/속보습개선] 풀리 쌀 반죽 모델링 마스크 4개입,마스크팩,풀리,214,4.710280373831775,10,8,196
oliveyoung,A000000219383,[물막선크림] 토리든 다이브인 모이스처 선크림 60ml 1+1 기획,선크림,토리든,247,4.5465587044534415,16,18,213
oliveyoung,A000000219488,[화잘먹/수분선] 라네즈 워터뱅크 UV 베리어 선세럼 50ml 기획,세럼,라네즈,238,4.4411764705882355,22,14,202
oliveyoung,A000000219496,[수딩쿨링/1+1] 토리든 다이브인 모이스처 수딩 선스틱 19g 1+1 기획,선크림,토리든,165,4.4363636363636365,6,6,153
oliveyoung,A000000219553,[1등 선크림/화잘먹] 구달 맑은 어성초 진정 수분 선크림 50ml 1+1 기획,선크림,구달,337,4.044510385756676,75,0,262
oliveyoung,A000000219554,[산뜻진정] 구달 맑은 어성초 진정 무기자차 선크림 50ml 1+1 기획,선크림,구달,307,3.8599348534201954,80,4,223
oliveyoung,A000000219555,아비브 어성초 흔적 에센스 패드 클리어터치 70매 리필기획 (+70매 리필),마스크팩,아비브,353,3.8045325779036827,102,2,249
oliveyoung,A000000219556,[핑크톤업] 구달 맑은 어성초 진정 수분 톤업 선크림 50ml 1+1 기획,선크림,구달,316,3.930379746835443,80,2,234
oliveyoung,A000000219564,[6월 올영픽/텔레토비 콜라보] 구달 어성초 히알루론 수딩 클리어 패드 70매 리필 기획 (+70매 리필)(+마켓백),마스크팩,구달,256,4.44140625,21,26,209
oliveyoung,A000000219609,[대용량/트러블1등] 파티온 노스카나인 트러블 세럼 50ml 리필 기획(+리필40ml+크림10ml),세럼,파티온,366,3.8579234972677594,99,2,265
oliveyoung,A000000219717,[트러블1등/단독기획] 파티온 노스카나인 트러블 세럼 50ml 기획(+15ml+마스크 1매),세럼,파티온,41,4.195121951219512,8,0,33
oliveyoung,A000000219928,[착붙톤업]식물나라 뽀얀쌀 생기 톤업 선 쿠션 4종 택1 (리필 기획),쿠션팩트,식물나라,276,3.8369565217391304,70,6,200
oliveyoung,A000000219984,[머랭솝/팩브러쉬증정] 스킨시그널 클레이 효소클렌저 70g 팩브러쉬 증정기획 (핑크/그린),클렌징,스킨시그널,279,4.272401433691757,48,8,223
oliveyoung,A000000221747,비욘드 엔젤아쿠아 올케어 수분 선크림 더블기획 (50ml+50ml),선크림,비욘드,97,4.556701030927835,5,5,87
oliveyoung,A000000221807,"[3시간팩] 바이오던스 리얼 딥 마스크 7매 (콜라겐, 씨켈프, 세라놀, 비타)",마스크팩,바이오던스,303,3.7194719471947195,91,4,208
oliveyoung,A000000221880,[진정&쿨링] 식물나라 제주알로에 쿨링 선 스프레이 100ml (단품/1+1/트리플기획),선크림,식물나라,133,4.819548872180451,1,2,130
oliveyoung,A000000221882,[페이스&바디/대용량] 식물나라 페이스 앤 바디 저자극 선 크림 150ml,선크림,식물나라,280,3.8785714285714286,71,3,206
oliveyoung,A000000222215,[10년연속1위/장벽크림] 피지오겔 DMT 페이셜크림 100ml+100ml 더블기획,스킨케어,피지오겔,327,4.116207951070336,70,0,257
oliveyoung,A000000222698,[수지세럼] 아누아 피디알엔 히알루론산 캡슐 100 세럼 30mL 기획 (+30mL 리필팩),세럼,아누아,321,3.7320872274143304,94,9,218
oliveyoung,A000000222767,[쿨링진정] 아누아 8 히알루론산 카테킨 쿨 슬림 마스크 10매입,마스크팩,아누아,81,4.901234567901234,0,0,81
oliveyoung,A000000222790,아누아 어성초 피지쏙 모공 폼 150ml 2입 기획,클렌징,아누아,244,4.44672131147541,20,28,196
oliveyoung,A000000222833,[2025어워즈1위] 에스트라 아토베리어365 크림 80ml 기획 (+하이드로 에센스25ml+앰플7ml),세럼,에스트라,268,3.876865671641791,72,2,194
oliveyoung,A000000222834,에스트라 아토베리어365 로션 150ml 기획 (하이드로에센스 25ml+세라-히알 앰플 7ml),세럼,에스트라,290,4.2827586206896555,53,1,236
oliveyoung,A000000222837,에스트라 아토베리어365 하이드로에센스 200ml (+크림 10ml+앰플 10ml),세럼,에스트라,312,4.169871794871795,60,12,240
oliveyoung,A000000222839,에스트라 에이시카365 흔적진정세럼 pH4.5 40ml 기획 (+세럼 20ml+크림 1ml),세럼,에스트라,259,4.374517374517374,26,29,204
oliveyoung,A000000222849,[5월 올영픽][속건조해결] 파티온 포도당 하이드로 에센스토너 300ml 더블 기획(2개입),토너,파티온,277,4.472924187725631,23,26,228
oliveyoung,A000000222882,[1+1] 한율 트러블 진정 쑥시카 수분 크림 기획 (55ml+55ml),수분크림,한율,285,4.052631578947368,64,6,215
oliveyoung,A000000223207,[태민PICK]AHC 마스터즈 아쿠아리치 선크림 50ml 1+1 기획,선크림,AHC,293,4.167235494880546,63,1,229
oliveyoung,A000000223233,"[선크림 세정]식물나라 제주 탄산수 딥 모공 클렌징 폼 120ml,150ml 단품/1+1기획",선크림,식물나라,262,4.393129770992366,34,7,221
oliveyoung,A000000223239,식물나라 제주 탄산수 딥 클렌징티슈 80매,클렌징,식물나라,305,3.8327868852459015,81,1,223
oliveyoung,A000000223414,[15년 연속 1위] 메디힐 에센셜 마스크팩 10매/10+1매 기획 7종 골라담기,마스크팩,메디힐,361,4.041551246537396,84,1,276
oliveyoung,A000000223423,[산뜻촉촉 선크림] 메디힐 마데카소사이드 수분 선세럼 흔적 리페어 50g,선크림,메디힐,119,4.907563025210084,0,0,119
oliveyoung,A000000223489,[윤빛광채] 설화수 윤조에센스 기획(30ml/60ml),스킨케어,설화수,181,4.712707182320442,6,1,174
oliveyoung,A000000223603,[모공케어] 더마토리 살리시닉 포어 클리어 블랙 모공 토너패드 70매 기획 (+70매 리필),토너,더마토리,153,4.235294117647059,26,5,122
oliveyoung,A000000223604,[열감진정] 더마토리 시카 엑소좀 흔적 진정 거즈 토너패드 70매 기획(+70매 리필),토너,더마토리,248,4.5,15,30,203
oliveyoung,A000000223625,[각질쓱싹] 디오디너리 글리코릭 애시드 7% 엑스폴리에이팅 토너 240ml,토너,디오디너리,270,4.151851851851852,49,17,204
oliveyoung,A000000223781,[리뉴얼/트러블/면도후] 닥터지 레드 블레미쉬 포 맨 진정 올인원 150ml 2종 (단품/증정 기획),스킨케어,닥터지,243,4.654320987654321,10,14,219
oliveyoung,A000000223792,[올영단독] 아임프롬 피그 스크럽 마스크 70g 더블 기획,마스크팩,아임프롬,284,4.679577464788732,8,10,266
oliveyoung,A000000223797,[NEW] 구달 겔 마스크 5매 기획 2종 택1(청귤/어성초),마스크팩,구달,246,4.369918699186992,21,30,195
oliveyoung,A000000223906,식물나라 가벼운 수분 선 젤 60ml 단품/2입 기획,선크림,식물나라,271,3.5793357933579335,93,0,178
oliveyoung,A000000224124,[리뉴얼/단독] 브이앤에이뷰티 안티옥시던트 래디언스 앰플 50ml 리필 기획세트 (+50ml 리필팩),세럼,브이앤에이뷰티,184,4.706521739130435,3,7,174
oliveyoung,A000000224140,[보송핑크톤업] 차앤박 애프터레이 톤업 프로텍션 선 50ml 더블기획,선크림,차앤박,298,4.530201342281879,20,28,250
oliveyoung,A000000224292,라로슈포제 시카플라스트 멀티 리페어 크림 100ml 기획 (+멜라B3 세럼 3ml 증정),세럼,라로슈포제,299,3.7357859531772575,93,5,201
oliveyoung,A000000224490,[열감진정| 겔 패드] 바이오힐 보 판테셀 리페어 시카좀 겔링패드 80매,마스크팩,바이오힐보,200,4.605,12,8,180
oliveyoung,A000000224494,[더보이즈 영훈PICK/트러블1등] 셀라딕스 트러블 세범 리밸런싱 131 앰플 30ml,세럼,셀라딕스,287,3.749128919860627,86,10,191
oliveyoung,A000000224581,[화잘먹크림] 빌리프 아쿠아 밤 프로즌 크림 50ml 기획 (3종 중 택 1),스킨케어,빌리프,310,4.519354838709678,35,5,270
oliveyoung,A000000224657,[화잘먹/농부춘식이키링] 조선미녀 맑은쌀 선크림 50ml+20ml 증정 기획,선크림,조선미녀,174,4.574712643678161,10,17,147
oliveyoung,A000000224658,[쿨링진정/농부춘식이키링] 조선미녀 아쿠아프레쉬 선크림 50ml+20ml 증정 기획,선크림,조선미녀,73,4.602739726027397,6,1,66
oliveyoung,A000000224981,식물나라 워터프루프/알로에쿨링 선 스프레이 100ml (단품/1+1/트리플기획),선크림,식물나라,209,3.9952153110047846,49,3,157
oliveyoung,A000000225015,[화잘먹선|1+1] 바이오힐보 프로바이오덤 콜라겐 선크림 2종 (에센스/톤업),선크림,바이오힐보,247,3.9392712550607287,63,4,180
oliveyoung,A000000225053,니들리 데일리 토너 패드 80매 (+20매 증정기획) (OY단독),토너,니들리,264,4.166666666666667,47,13,204
oliveyoung,A000000225073,[모공순삭] 오휘 3아워 블러링 선파우더+브러쉬 증정 기획 2종 (클리어/피치베이지),선크림,오휘,257,4.389105058365759,23,28,206
oliveyoung,A000000225083,수이사이 뷰티 클리어 그린/핑크 파우더워시 4종 택1 (15개입/32개입),클렌징,수이사이,181,4.9502762430939224,0,0,181
oliveyoung,A000000225189,[대용량/저자극] 바닐라코 클린잇제로 립&아이리무버 300ml,클렌징,바닐라코,228,4.530701754385965,17,15,196
oliveyoung,A000000225208,[리뉴얼] 한율 어린쑥 진정 맑은 클렌징오일 200ml 기획 (+쑥떡팩폼 15ml),클렌징오일,한율,102,4.637254901960785,3,6,93
oliveyoung,A000000225217,더마팩토리 나이아신아마이드 20% 세럼 30ml,세럼,더마팩토리,309,4.197411003236246,62,1,246
oliveyoung,A000000225284,[한정기획] 딘시 프리미엄 비건 톤 업 선크림 50ml 더블기획 (+ 클렌징폼 40ml 증정),선크림,딘시,290,4.275862068965517,38,26,226
oliveyoung,A000000225475,[대용량] 토리든 히알루론산 다이브인 마스크 20매,마스크팩,토리든,185,4.870270270270271,0,0,185
oliveyoung,A000000225573,"[파데프리/톤업] 조선미녀 데일리 틴티드 선세럼 50ml (+커버핏 퍼프 증정), (기획/단품)",세럼,조선미녀,277,3.9566787003610107,64,7,206
oliveyoung,A000000225591,[NEW/즉각수분쿨링]닥터지 레드 블레미쉬 히알 시카 쿨링 겔 마스크 5매 기획(4+1매 증정),마스크팩,닥터지,254,4.3700787401574805,17,40,197
oliveyoung,A000000225606,듀댑 요거트팩 클렌저 150ml+15ml 3종 (시카티/듀톡스/레몬 커스터드),클렌징,듀댑,328,4.722560975609756,5,11,312
oliveyoung,A000000225736,[800만개판매/1등피지클리너] 일소 슈퍼 멜팅 세범 소프트너 150g 기획 (+착붙솜 40매+모공텐션마스크팩1매),마스크팩,일소,300,3.796666666666667,85,5,210
oliveyoung,A000000225774,[말끔모공/피지순삭] 아누아 어성초 클렌징 듀오 기획 (오일 200ml+폼 150ml),클렌징,아누아,139,3.5323741007194243,52,1,86
oliveyoung,A000000225801,[단독기획] 비플레인 녹두 모공 클렌징 밀크밤 100ml 기획 (+3ml*4개),클렌징,비플레인,144,4.444444444444445,13,10,121
oliveyoung,A000000225888,아이레시피x리틀트윈스타 세라마이드 유자 바이오 클렌징오일 200ml 기획,클렌징오일,아이레시피,310,4.7,8,9,293
oliveyoung,A000000225942,이즈앤트리 참마 비건 밀크 클렌저 220ml 기획 (+리필 200ml+스크런치),클렌징,이즈앤트리,121,4.859504132231405,0,2,119
oliveyoung,A000000225943,[개기름박멸]아이디얼포맨 프레시 올인원 150ml 단품/기획,스킨케어,아이디얼포맨,251,4.645418326693227,7,16,228
oliveyoung,A000000226081,바이오더마 하이드라비오 토너 500ml 기획(+250ml 증정),토너,바이오더마,323,3.8266253869969042,90,3,230
oliveyoung,A000000226125,[포어깎아밤] 닥터엘시아 포어 리프레쉬 그라인딩 클렌징밤 50ml,클렌징,닥터엘시아,185,4.437837837837838,11,8,166
oliveyoung,A000000226201,[단독기획] 아누아 TXA 나이아신 흔적 세럼 30ml 2입,세럼,아누아,232,4.004310344827586,46,26,160
oliveyoung,A000000226210,토코보 블러 피니쉬 선 쿠션 SPF50+ PA++++13g 2종,쿠션팩트,토코보,238,4.7100840336134455,5,16,217
oliveyoung,A000000226493,[저자극클렌저] 메디큐브 PDRN 젤투폼 클렌저 200ml 기획(+클렌징브러쉬 증정),클렌징,메디큐브,162,4.351851851851852,11,11,140
oliveyoung,A000000226498,[1등미백앰플] 메디큐브 PDRN 핑크 앰플 30ml 기획 (본품+리필 50ML+겔패드 2매입*2개),세럼,메디큐브,294,3.806122448979592,80,4,210
oliveyoung,A000000226508,[1등마스크|콜라겐&탄력] 바이오힐 보 프로바이오덤 마스크팩 3종 기획,마스크팩,바이오힐보,325,4.095384615384615,75,4,246
oliveyoung,A000000226515,[포켓몬에디션]브링그린 징크테카 트러블세럼(대용량/기획),세럼,브링그린,326,3.7822085889570554,93,3,230
oliveyoung,A000000226553,[유수분밸런스]브링그린 티트리 시카 수딩 크림 플러스 100ml (2입/단품),스킨케어,브링그린,332,3.933734939759036,83,2,247
oliveyoung,A000000226627,[포켓몬 에디션] 케어플러스 슬리핑 코팩 카밍 4매/10매 대용량/포켓몬 에디션 2종,마스크팩,케어플러스,270,3.474074074074074,93,8,169
oliveyoung,A000000227070,유이크 톤업 선크림 보라 50ml 기획 (+수분선 20ml 증정),선크림,유이크,244,4.569672131147541,13,20,211
oliveyoung,A000000227936,[NEW/단독기획] 셀리맥스 어성초 바하 지우개 필링 패드 60매 (+10매 증정기획),마스크팩,셀리맥스,246,4.439024390243903,17,29,200
oliveyoung,A000000228069,이지듀 기미 앰플 쿠션 리필 기획 (퍼프 2매 증정),쿠션팩트,이지듀,252,4.2063492063492065,41,16,195
oliveyoung,A000000228228,[7년 연속 1위] 아이디얼포맨 퍼펙트 올인원 150ml 단품/기획,스킨케어,아이디얼포맨,80,4.0875,17,3,60
oliveyoung,A000000228792,비플레인 녹두 모공 스케일링 워터 150ml 기획 (+초밀착 화장솜 40매),클렌징,비플레인,182,4.021978021978022,35,19,128
oliveyoung,A000000228836,[화잘먹/민감결케어] 한스킨 클렌징오일&블랙헤드 PHA 200ml 더블 기획 (+30ml),클렌징오일,한스킨,306,4.7254901960784315,5,9,292
oliveyoung,A000000228891,[포켓몬에디션]브링그린 알로에97%수딩젤 300ml (2개입/단품),선크림,브링그린,92,4.923913043478261,1,0,91
oliveyoung,A000000228902,[NEW/열감쿨링] 닥터지 레드 블레미쉬 순무 시카 아이싱 패드 60매 리필 기획 (+60매 리필),마스크팩,닥터지,269,4.33457249070632,36,15,218
oliveyoung,A000000228952,"[포켓몬 에디션] 토리든 밸런스풀 포맨 시카 프레쉬 올인원 200g 기획(+포켓몬 스포츠타올, 밸런스풀 올인원 20g)",스킨케어,토리든,251,4.581673306772909,8,12,231
oliveyoung,A000000229151,[수분진정][올영단독]넘버즈인 1번 판토텐산 액티브 수딩크림 80ml 1+1 기획,스킨케어,넘버즈인,329,3.7963525835866263,93,4,232
oliveyoung,A000000229228,[여행용 단독증정/저자극 촉촉] 일리윤 젠틀 딥 페이셜 클렌저 기획(250ML+30ML),클렌징,일리윤,112,4.785714285714286,1,2,109
oliveyoung,A000000229375,"[피지흡착/모공쿨링] 메디힐 바이오 세컨덤 마스크 1매 3종 (마데카소사이드, PDRN, 히알루론산)",마스크팩,메디힐,315,4.053968253968254,71,2,242
oliveyoung,A000000229376,"[피지흡착/10매] 메디힐 바이오 세컨덤 마스크 3종 (마데카소사이드, PDRN, 히알루론산)",마스크팩,메디힐,140,4.921428571428572,0,2,138
oliveyoung,A000000229437,[단독기획] 코스알엑스 울트라 라이트 인비저블 선세럼 50ml 기획 (+15ml),세럼,코스알엑스,233,4.725321888412017,9,10,214
oliveyoung,A000000229498,[1+1] 크리니크 쏙보습크림 50ml 기획/단품,스킨케어,크리니크,283,4.455830388692579,15,22,246
oliveyoung,A000000229630,스킨푸드 블랙슈가 마스크 워시오프 120g 더블기획 (본품+본품),마스크팩,스킨푸드,260,4.226923076923077,44,6,210
oliveyoung,A000000229694,[초밀착 세럼팩] 메디힐 랩핑 세럼 마스크 1매 6종,세럼,메디힐,15,4.333333333333333,3,0,12
oliveyoung,A000000229695,[장도연 PICK/초밀착 세럼팩] 메디힐 랩핑 세럼 마스크 10매 6종,세럼,메디힐,339,4.056047197640118,80,1,258
oliveyoung,A000000229775,[잡티톤업] 구달 청귤 비타C 잡티케어 세럼 마스크 알파 5매 기획 (+1매),세럼,구달,279,4.448028673835125,19,34,226
oliveyoung,A000000229788,[NEW/리필기획] 구달 청귤 비타C 잡티케어 패드 알파 70매 기획 (+70매+추가 2매),마스크팩,구달,259,4.61003861003861,8,17,234
oliveyoung,A000000229790,[잡티토닝] 구달 청귤 비타C 잡티케어 세럼 알파 50ml 기획 (+35ml 미니어처),세럼,구달,280,4.185714285714286,45,24,211
oliveyoung,A000000229895,[퀵-밀착 특허 콜라겐] 더마픽스 페이턴트 퍼포먼스 리얼콜라겐 5매 (3종 택1),마스크팩,더마픽스,246,4.191056910569106,40,16,190
oliveyoung,A000000229939,[1일1팩] 라운드랩 동백/소나무 팩 클렌저 150ml 기획 (+클렌징해면퍼프),클렌징,라운드랩,157,4.222929936305732,16,15,126
oliveyoung,A000000229956,[카디비 PICK/미국 1위 필링젤] 닥터멜락신 필 샷 각질 케어 쌀 앰플 고마쥬 필링 젤 80ml 2종 택1,세럼,닥터멜락신,203,4.748768472906404,6,5,192
oliveyoung,A000000230208,[1+1/깐달걀피부결] 이니스프리 레티놀 시카 흔적 앰플 30ml 더블 기획,세럼,이니스프리,136,4.823529411764706,2,2,132
oliveyoung,A000000230421,[손목세안밴드 증정] 포들 2엑스 프레시밤 밤투폼 130ml 단품/기획,클렌징,포들,348,4.419540229885057,50,12,286
oliveyoung,A000000230447,[노세범 선크림] 오브제 포어 제로 오일 컨트롤 선크림 50ml,선크림,오브제,131,4.893129770992366,2,2,127
oliveyoung,A000000230537,[포켓몬 에디션]오브제 포어 제로 프레쉬 올인원 150ml 단품/기획 2종 택1(+꼬부기 키캡키링),스킨케어,오브제,254,4.783464566929134,3,2,249
oliveyoung,A000000230560,[스프레드/여행용추가증정] 휩드 무화버터 비건 캐러멜 클렌징밤 90ml + 12ml 증정 기획,클렌징,휩드,250,4.652,6,8,236
oliveyoung,A000000230631,[NEW/깃털보송] 라운드랩 소나무 진정 시카 에어리 선스틱 19g 더블 기획,선크림,라운드랩,212,4.665094339622642,9,6,197
oliveyoung,A000000230799,[모공천재/화잘먹] 오드로이 모공수축 크림 모공요철 케어 100ml 더블기획 (+미스트앰플 30ml),세럼,오드로이,311,3.897106109324759,82,4,225
oliveyoung,A000000230821,[수분민감/미세먼지OUT] 라곰 셀럽 마이크로 폼 클렌저 2종 택 1,클렌징,라곰,324,4.030864197530864,74,6,244
oliveyoung,A000000230822,[수분민감/아침세안] 라곰 셀럽 젤 투 워터 클렌저 170ml x 2,클렌징,라곰,249,4.473895582329317,12,33,204
oliveyoung,A000000230854,[리뷰이벤트/잡티미백] 리덴스 톤앤스팟 코렉터 앰플 30ml 더블기획,세럼,리덴스,335,4.647761194029851,14,17,304
oliveyoung,A000000230980,바이오더마 세비엄 H2O 500ml,클렌징,바이오더마,249,4.3453815261044175,33,13,203
oliveyoung,A000000230983,바이오더마 하이드라비오 H2O 500ml,클렌징,바이오더마,242,4.545454545454546,19,16,207
oliveyoung,A000000231085,[안자극테스트] 비페스타 립앤아이 리무버 280ml (대용량),클렌징,비페스타,226,4.668141592920354,7,17,202
oliveyoung,A000000231175,[5월 올영픽/포켓몬에디션] 듀이트리 하이아미노 올 클렌징 밀크 200ml 기획 (+리필200ml+50ml+세안밴드),클렌징,듀이트리,290,4.334482758620689,47,5,238
oliveyoung,A000000231293,[포켓몬 에디션/5월올영픽/1+1] 프리메라 비타티놀 바운시 리프트 세럼 30g 기획/단품,세럼,프리메라,264,4.333333333333333,30,23,211
oliveyoung,A000000231294,[포켓몬 에디션/5월올영픽/탄력광채] 프리메라 비타티놀 세럼 메가-샷 겔마스크 4+1매 기획/단품,세럼,프리메라,96,3.6770833333333335,33,1,62
oliveyoung,A000000231310,[1+1] 프리메라 마일드 앤 퍼펙트 페이셜 필링 100ml 리필기획,클렌징,프리메라,263,4.136882129277566,53,4,206
oliveyoung,A000000231315,[1+1] 프리메라 마일드 앤 퍼펙트 클렌징 오일 투 폼 200ml 리필기획/단품,클렌징오일,프리메라,267,3.9700374531835205,69,2,196
oliveyoung,A000000231397,[피지 흡착/젤to오일] 닥터슈라클 오알파 멜팅 클렌징 젤 150ml,클렌징,닥터슈라클,148,4.97972972972973,0,0,148
oliveyoung,A000000231470,[박보영PICK] 메노킨 30초 버블 클렌저 4종 택1,클렌징,메노킨,258,4.829457364341085,1,7,250
oliveyoung,A000000231589,[5월 올영픽][대용량] 제로이드 수딩 크림 80ml 기획 (+50ml),스킨케어,제로이드,317,3.952681388012618,81,4,232
oliveyoung,A000000231590,[대용량] 제로이드 인텐시브 크림 80ml 기획 (+50ml),스킨케어,제로이드,286,4.234265734265734,54,2,230
oliveyoung,A000000231822,넘버즈인 1번 판토텐산 스킨케어100 블러파우더 기획 (+퍼프 1개),스킨케어,넘버즈인,317,3.9747634069400632,81,6,230
oliveyoung,A000000231833,[화잘먹] 한율 쑥히알 수분 크림 60ml 기획(+31ml),수분크림,한율,47,4.914893617021277,0,0,47
oliveyoung,A000000231836,[수지pick/올영단독] 아누아 데일리케어 마스크팩 5매 기획 8종(+1매 추가 증정),마스크팩,아누아,324,4.064814814814815,70,5,249
oliveyoung,A000000231884,[속건조필수템] 웰라쥬 리얼 히알루로닉 블루 100 앰플 100ml 기획 (+원데이키트2ea),세럼,웰라쥬,291,4.326460481099656,35,25,231
oliveyoung,A000000231885,[스테디셀러특가/속건조필수템] 웰라쥬 리얼 히알루로닉 블루 100 앰플 75ml 2입 기획,세럼,웰라쥬,144,4.75,6,0,138
oliveyoung,A000000231892,[수지pick/단독기획] 아누아 피디알엔 히알루론산 100 수분 크림 60mL 2입 기획,수분크림,아누아,304,4.125,70,2,232
oliveyoung,A000000231894,[수지세럼] 아누아 피디알엔 히알루론산 캡슐 100 세럼 30mL 기획세트 (+크림 30ml),세럼,아누아,57,3.719298245614035,15,2,40
oliveyoung,A000000232053,[파데프리/톤업선크림]체이싱래빗 올어바웃글로우 커버크림 35g기획(단품/대왕퍼프),선크림,체이싱래빗,326,3.785276073619632,92,5,229
oliveyoung,A000000232081,제로이드 포밍 클렌저 240ml 기획(+ 리필 240ml),클렌징,제로이드,75,4.826666666666667,2,1,72
oliveyoung,A000000232109,[매끈결광/수부지밀크] 메이크프렘 PDRN 포어 클레이 클렌징밀크 200ml 기획 (+클렌징폼 50ml),클렌징폼,메이크프렘,253,4.648221343873518,9,17,227
oliveyoung,A000000232179,[장도연 PICK] 메디힐 PDRN 모공 탄력 세럼 40+40ml 더블 기획,세럼,메디힐,306,4.330065359477124,46,16,244
oliveyoung,A000000232212,[모공에센스] VT 리들샷 100 에센스 30ml 더블 기획(+피디알엔 에센스 100 1.5ml*3ea),스킨케어,VT,99,4.94949494949495,0,0,99
oliveyoung,A000000232213,[이나연pick] VT 피디알엔 에센스 100 30ml 더블 기획 (+리들샷 100 10ml),스킨케어,VT,243,4.407407407407407,35,0,208
oliveyoung,A000000232301,[올영단독/샤벳밤 대용량]바를 차콜 멜팅 클렌징밤 100g(+3g*6),클렌징,바를,276,4.880434782608695,2,2,272
oliveyoung,A000000232304,[단독기획/대용량] 파티온 노스카나인 트러블 크림 75ml 기획(+5ml),스킨케어,파티온,330,3.827272727272727,95,2,233
oliveyoung,A000000232318,[화잘먹수분선] 웰라쥬 리얼 히알루로닉 블루 선크림 50ml 1+1 기획,선크림,웰라쥬,276,4.673913043478261,4,10,262
oliveyoung,A000000232356,[청담샵템] 센텔리안24 마데카랩 겔 마스크 5매(히알 워터풀 수분/PDRN 스킨 탄력),마스크팩,센텔리안24,260,4.388461538461539,23,30,207
oliveyoung,A000000232436,아비브 어성초 테카 캡슐 세럼 카밍 드롭 50ml 더블 기획,세럼,아비브,323,3.8513931888544892,91,3,229
oliveyoung,A000000232494,[단독기획] 아누아 어성초 센텔라 레드 스팟 크림 30g 2입,스킨케어,아누아,243,3.9917695473251027,46,34,163
oliveyoung,A000000232536,[아이크림/눈가탄력] VT 피디알엔 리들샷 아이 리프터 15ml,아이크림,VT,237,4.818565400843882,2,0,235
oliveyoung,A000000232710,[1등 착붙3시간팩] 어나더페이스 하이드로겔 마스크팩 (4매입) 2종 택1,마스크팩,어나더페이스,331,4.570996978851964,20,23,288
oliveyoung,A000000232723,[화잘먹 선케어] 달바 에센스 선크림 듀오 기획 (50ml+50ml),선크림,달바,240,4.2875,36,15,189
oliveyoung,A000000232724,[NO.1 미스트세럼] 달바 퍼스트 스프레이 세럼 100ml 2개 기획,세럼,달바,337,4.089020771513353,72,2,263
oliveyoung,A000000232725,[생기톤업/스웨트프루프] 달바 핑크 톤업 선크림 듀오 기획 (50ml+50ml),선크림,달바,283,4.067137809187279,69,0,214
oliveyoung,A000000232884,어테이션 익모초 유브이 톤업 선스크린 SPF50+ PA++++ 40ml,선크림,어테이션,345,4.742028985507246,1,8,336
oliveyoung,A000000232887,어테이션 익모초 쿨링 선스틱 SPF50+ PA++++ 19g,선크림,어테이션,224,4.790178571428571,0,3,221
oliveyoung,A000000232913,[1+1] 이니스프리 화산송이 바하 모공 클렌징폼 130g 더블 기획,클렌징폼,이니스프리,280,4.392857142857143,31,25,224
oliveyoung,A000000232971,[7년 연속 1위] 아이디얼포맨 퍼펙트 올인원 150ml 단품/기획,스킨케어,아이디얼포맨,303,4.603960396039604,10,16,277
oliveyoung,A000000233155,[세안종결] 주닥 약산성 로즈 68% 클렌징밀크 250ml,클렌징,주닥,265,4.675471698113207,10,9,246
oliveyoung,A000000233322,[1+1+증정/광채탄력] 닥터지 블랙스네일 크림 50ml 1+1 기획 +(15ml 추가 증정),스킨케어,닥터지,286,4.653846153846154,7,13,266
oliveyoung,A000000233335,[화해1위/모공쫀쫀 팩폼] 션리 다시마 앰플 클렌징폼 120ml,클렌징폼,션리,343,4.778425655976676,4,5,334
oliveyoung,A000000233337,[수분진정/광채캡슐크림] 션리 다시마 글레이즈드 크림 50g,스킨케어,션리,279,4.967741935483871,0,1,278
oliveyoung,A000000233468,"메디힐 콜라겐 캡슐 패치 60매 2종 (레티놀, 비타민C)",마스크팩,메디힐,306,3.9411764705882355,79,5,222
oliveyoung,A000000233497,"[증정이벤트/탄력광채수분진정] 웰더마 겔마스크팩 4매, 4종 택1 (콜라겐/시카/레티놀/PDRN)",마스크팩,웰더마,327,4.706422018348624,8,15,304
oliveyoung,A000000233802,텐제로 알로에 유브이 톤업 바디 선크림 150g,선크림,텐제로,302,4.745033112582782,1,0,301
oliveyoung,A000000234081,[기미잡티 토닝]아이오페 멀티 비타민 10% 얼티밋 토닝 겔 마스크 4매 기획 (+1매),마스크팩,아이오페,232,4.573275862068965,9,19,204
oliveyoung,A000000234085,[레티놀+콜라겐]아이오페 레티놀 세럼 인 겔 마스크 4매 기획 (+1매),세럼,아이오페,260,4.384615384615385,26,26,208
oliveyoung,A000000234213,[5월 올영픽/1등진정장벽] 유세린 울트라센시티브 리페어 마스크팩 10매,마스크팩,유세린,259,4.142857142857143,50,9,200
oliveyoung,A000000234422,[30ml 추가증정/원조버블팩]메노킨 30초 퀵 버블 마스크 95ml 6종 중 택1,마스크팩,메노킨,343,3.880466472303207,91,4,248
oliveyoung,A000000235050,[리뉴얼] 코스알엑스 어드밴스드 더 비타민C 23 세럼 20g 2입,세럼,코스알엑스,153,4.823529411764706,1,6,146
oliveyoung,A000000235068,[5월 올영픽/PDRN 물광+윤광 케어] 리쥬란 힐러 턴오버 액티브 크림 50ml [기획/단품],스킨케어,리쥬란,227,4.52863436123348,10,26,191
oliveyoung,A000000235178,[1등모공앰플] 성분에디터 그린토마토 NMN 포어 리프팅 앰플 40ml 더블기획,세럼,성분에디터,221,4.343891402714932,20,31,170
oliveyoung,A000000235179,[물광리프팅] 성분에디터 실크펩타이드 EGF 하트핏 볼륨 리프팅 앰플 40ml 더블기획,세럼,성분에디터,277,4.433212996389892,19,34,224
oliveyoung,A000000235243,[키짱PICK] 아이소이 브라이트닝 로즈PDRN 잡티세럼 40ml 대용량 기획 (+20ml+미간패치 1세트),세럼,아이소이,279,4.462365591397849,26,21,232
oliveyoung,A000000235338,[리뷰이벤트/30층보습] 디마프 히어로 마이 퍼스트 세럼 a.k.a 만능기초 155ml,세럼,디마프,231,4.809523809523809,5,4,222
oliveyoung,A000000235348,[뽑아쓰는 두루마리 패드] 한율 어린쑥 속수분 쑥히알 패드 60매 기획 (+10매),마스크팩,한율,280,4.617857142857143,6,21,253
oliveyoung,A000000235364,[3D진동클렌징/모공케어] 메디큐브 에이지알 부스터 진동 클렌저 헤드 (베이지/핑크),클렌징,메디큐브 에이지알,90,4.833333333333333,1,3,86
oliveyoung,A000000235434,[고순도 히알루론산/수분케어] 가쉬 에어버블 10초 마이크로 버블팩 울트라 브이 150회분,마스크팩,가쉬,108,4.972222222222222,0,1,107
oliveyoung,A000000235435,[콜라겐/탄력케어] 가쉬 10초 마이크로 버블팩 리프트부스트 150회분,마스크팩,가쉬,135,4.881481481481481,0,5,130
oliveyoung,A000000235842,가쉬 모공탄력/수분/진정/미백 10초 마이크로 버블팩 4종 골라담기 150회분,마스크팩,가쉬,312,4.653846153846154,14,13,285
oliveyoung,A000000235912,[간편 베이스/잡티커버] 스타라이크 파데프리 톤업 선크림 50ml,선크림,스타라이크,277,4.3610108303249095,33,23,221
oliveyoung,A000000235913,[화잘먹/24시간속보습] 스타라이크 PDRN 스킨 핏 수분 선크림 50ml,선크림,스타라이크,312,4.6826923076923075,1,0,311
oliveyoung,A000000236477,[온라인 단독/촉촉톤업] 셀퓨전씨 잡티 토닝 썬스크린 50ml+20ml 기획,선크림,셀퓨전씨,29,4.793103448275862,0,0,29
oliveyoung,A000000236767,[5월 올영픽/126매 대용량/올리브영 단독] 리쥬란 포어 타이트닝 토너 패드 60매 더블 한정 기획,토너,리쥬란,278,4.482014388489208,14,30,234
oliveyoung,A000000236819,[화잘먹광채/1+1] 메디큐브 PDRN 핑크 톤업 선크림 50ml 더블기획,선크림,메디큐브,200,4.335,16,27,157
oliveyoung,A000000236862,유이크 바이옴 레미디 포어리셋 쿨링패드 80매,마스크팩,유이크,93,4.860215053763441,1,0,92
oliveyoung,A000000236899,[수분촉촉] 라운드랩 자작나무 수분 클렌저 150ml 기획 (+20ml),클렌징,라운드랩,257,4.392996108949417,28,17,212
oliveyoung,A000000237128,[1위 홈케어템] 쿼드쎄라 미니튠 (화이트/핑크/실버),스킨케어,쿼드쎄라,241,4.713692946058091,3,4,234
oliveyoung,A000000237394,[장도연 PICK/미니어처 증정] 메디힐 더마 크림 팩클렌저 120ml 단품/기획 2종 (+20ml 추가증정),클렌징,메디힐,305,4.462295081967213,30,21,254
oliveyoung,A000000237409,[1+1/유혜주PICK] 바이오던스 포어 퍼펙팅 콜라겐 펩타이드 세럼 30ml 더블 기획,세럼,바이오던스,288,4.375,25,33,230
oliveyoung,A000000237449,[수지pick/뽀용뇽 공동개발] 아누아 피디알엔 히알루론산 수분 캡슐 미스트 100ml,미스트,아누아,239,3.6736401673640167,75,4,160
oliveyoung,A000000237473,[화잘먹/1분퀵필링] 일소 노 트러블럼 필링 스왑 4g 8매,클렌징,일소,200,4.345,18,27,155
oliveyoung,A000000237644,[올영단독] 파파레서피 블레미쉬 효소파우더 클렌저 130g 대용량기획 (+팩붓+오일/크림 3ml*3),클렌징,파파레서피,248,4.637096774193548,3,15,230
oliveyoung,A000000237728,[1등 진정세럼] 파넬 시카마누 92세럼 30ml 리필기획(+30ml 리필+15ml),세럼,파넬,320,3.871875,86,4,230
oliveyoung,A000000237800,[호호뷰티PICK] 히야 마일드벗딥 클렌징 워터 300ml 기획(+클렌징패드 20매),클렌징,히야 (HYAAH),244,4.508196721311475,14,22,208
oliveyoung,A000000237813,바이오더마 센시비오 H2O eye 125ml,클렌징,바이오더마,241,4.668049792531121,6,19,216
oliveyoung,A000000237901,[스킨부스팅] 메디큐브 에이지알 미니플러스 핑크/베이지/짱구 에디션,스킨케어,메디큐브 에이지알,233,4.253218884120171,24,36,173
oliveyoung,A000000238174,[5월올영픽] 랑콤 UV 엑스퍼트 선크림 6종 택1 (30ml/50ml),선크림,랑콤,92,4.684782608695652,4,0,88
oliveyoung,A000000238198,[화잘먹/브러쉬증정기획] 피캄 홀리바질 버블 딥 마스크 90g 기획 (+듀얼모공브러쉬),마스크팩,피캄,290,3.7379310344827585,86,11,193
oliveyoung,A000000238406,[품절대란/수부지 화잘먹 세럼] 믹순 히알레배 포어 버블 세럼 70ml,세럼,믹순,318,3.9842767295597485,80,7,231
oliveyoung,A000000238408,[수부지 화잘먹 크림] 믹순 히알레배 포어 블러링 크림 50ml,스킨케어,믹순,253,4.529644268774703,12,19,222
oliveyoung,A000000238532,[장벽 클렌징밤]유이크 바이옴 베리어 콜라겐 퍼밍 클렌징밤 100ml (+20ml 추가증정),클렌징,유이크,274,4.562043795620438,15,21,238
oliveyoung,A000000238816,[5/15하루특가/포켓몬 에디션]오브제 포어 제로 오일 컨트롤 선스틱 18g(+꼬부기 파우치),선크림,오브제,287,4.515679442508711,24,21,242
oliveyoung,A000000238929,[광채크림/NEW대용량] 차앤박 프로폴리스 앰플 액티브 샷 크림 75ml 2입,세럼,차앤박,286,4.65034965034965,5,26,255
oliveyoung,A000000238987,[아이돌물광팩]메디큐브 콜라겐 나이트 랩핑 마스크 75ml 어워즈 기획 (+브러쉬 + 5ml 증정),마스크팩,메디큐브,271,3.7047970479704797,83,6,182
oliveyoung,A000000239102,[앰플한병팩] 메디힐 하이퍼 콜라겐 겔 마스크 8+1매 한정 기획,세럼,메디힐,366,4.120218579234972,80,0,286
oliveyoung,A000000239103,[5월 올영픽] [화잘먹종결템] LG 프라엘 갈바닉 부스터 기획/단품 (+키링 케이스),스킨케어,LG 프라엘,182,4.631868131868132,7,2,173
oliveyoung,A000000239107,[1위마스크팩/250만장판매]하우스오브비 글루타치온 페이스필름 8매,마스크팩,하우스오브비,97,4.938144329896907,1,0,96
oliveyoung,A000000239108,[초밀착/미백광채]메디큐브 PDRN 핑크 콜라겐 토닝 겔 토너 패드 70매+10매,토너,메디큐브,263,4.095057034220532,56,9,198
oliveyoung,A000000239660,피지오겔 DMT 페이셜 보습 장벽 크림 150ml 기획(+토너 50ml),토너,피지오겔,115,4.886956521739131,1,0,114
oliveyoung,A000000239963,[올영세일한정/화잘먹] 마몽드 플로라 글로우 로즈 리퀴드 마스크 80ml 리필 기획 (+리필 80ml),마스크팩,마몽드,135,4.762962962962963,2,3,130
oliveyoung,A000000239969,[5월 올영픽/포켓몬 에디션] 듀이트리 AC 딥 진정 모공 패드 100매 기획 (+4매+피츄 패드 케이스),마스크팩,듀이트리,344,3.9302325581395348,90,2,252
oliveyoung,A000000240055,[올영단독] 밈즈 마일드 워터리 썬스크린 50ml 1+1 기획,선크림,밈즈,300,4.826666666666667,5,3,292
oliveyoung,A000000240243,닥터자르트 크라이오 러버 마스크 4종 택1,마스크팩,닥터자르트,208,4.3701923076923075,19,24,165
oliveyoung,A000000240462,[단독기획/미백+탄력] 셀리맥스 모공잡티 브라이트닝 크림 랩핑 마스크 5매 기획 (+1매),마스크팩,셀리맥스,246,4.585365853658536,7,13,226
oliveyoung,A000000240465,[카밍 폼 증정/안소희 PICK]바노바기 비타 제닉 젤리 마스크 10매 7종 택 1,마스크팩,바노바기,322,4.540372670807454,19,39,264
oliveyoung,A000000240555,[대용량] 셀리맥스 브라이트닝 모공잡티패드 기획 (80매+20매),마스크팩,셀리맥스,243,4.580246913580247,1,19,223
oliveyoung,A000000240562,[레이PICK/수분코팅] 풀리 쌀 세라 수분 선크림 50ml (단품/기획),선크림,풀리,303,4.881188118811881,4,2,297
oliveyoung,A000000240799,[장벽강화/클렌징밀크 20ml 증정기획] 주닥 약산성 락토 프로폴리스 64% 클렌징폼 160ml,클렌징폼,주닥,227,4.881057268722467,4,2,221
oliveyoung,A000000240908,[속건조수분크림] 메디큐브 PDRN 핑크 히알루로닉 수분크림 50ml 더블기획 (+앰플10ml),수분크림,메디큐브,265,4.150943396226415,45,24,196
oliveyoung,A000000241482,프롬메디 마스크 3종 [아줄렌 시카/콜라겐 멜팅/TXA 브라이트닝] 4매입,마스크팩,프롬메디,145,4.7172413793103445,5,7,133
oliveyoung,A000000241733,[1+1/블랙헤드 메컵 쓱싹] 에스네이처 아쿠아 라이스 클렌징오일 200ml 리필기획 (+리필 200ml),클렌징오일,에스네이처,236,4.4025423728813555,22,25,189
oliveyoung,A000000241734,[대용량/화해1위/3관왕 쌀뜨물광] 에스네이처 아쿠아 라이스 클렌징밀크 280ml기획 (+리필100ml),클렌징,에스네이처,54,4.7592592592592595,0,2,52
oliveyoung,A000000241852,[5월올영픽/피부노화개선] 에스티로더 갈색병 세럼 30ml 기획/단품,세럼,에스티로더,169,4.78698224852071,2,4,163
oliveyoung,A000000241879,[생기탄력/비타VER] 달바 비타 토닝 안티에이징 스프레이 세럼 8퍼센트 70ml,세럼,달바,118,4.720338983050848,0,6,112
oliveyoung,A000000242341,[글로우 부스팅샷] 아이오페 PDRN 카페인 샷 30ml 리필 기획 (+30ml 리필),스킨케어,아이오페,243,4.5473251028806585,8,26,209
oliveyoung,A000000242378,[NEW업그레이드/3+2기획] 차앤박 안티-포어 블랙헤드 퍼펙트 클리어 키트 프로 3매 기획 (+2매),마스크팩,차앤박,156,4.153846153846154,22,8,126
oliveyoung,A000000242716,[사용감 개선] 식물나라 가벼운 수분 선 젤 60ml 단품/2입 기획,선크림,식물나라,129,4.821705426356589,3,2,124
oliveyoung,A000000242719,[탄력콜라겐UP/1+1] 차앤박 더마앤서 액티브 부스트 PDRN 앰플 30ml 더블기획,세럼,차앤박,312,4.246794871794871,60,0,252
oliveyoung,A000000242720,[보습광채/화잘먹앰플] 차앤박 프로폴리스 에너지 액티브 앰플 30ml 2입 기획 (+15ml),세럼,차앤박,280,4.3,42,13,225
oliveyoung,A000000242876,[파데프리/기미개선]아이오페 UV쉴드 톤업 선 50ml 기획 (+톤업 선 15ml),선크림,아이오페,194,4.494845360824742,10,5,179
oliveyoung,A000000242956,[탄력광채/4+1매] 메디큐브 PDRN 핑크 콜라겐 겔 마스크 4매 기획(+미백 겔 마스크 1매),마스크팩,메디큐브,251,4.231075697211155,37,24,190
oliveyoung,A000000243162,[수지pick/올영단독] 아누아 패드 리필 기획 3종(어성초/피디알엔/카테킨),마스크팩,아누아,229,4.349344978165939,21,16,192
oliveyoung,A000000243330,[5월 올영픽/9중 모공지표 개선/올리브영 단독 런칭] 리쥬란 더마 힐러 포어 타이트닝 겔 마스크 5매,마스크팩,리쥬란,188,4.824468085106383,2,5,181
oliveyoung,A000000243433,[청담샵 화잘먹미스트/키오프 하늘 PICK] 메디큐브 PDRN 핑크 콜라겐 글로우 젤리 미스트 100ml 더블기획,미스트,메디큐브,284,3.971830985915493,72,5,207
oliveyoung,A000000243435,[연어PDRN/미백천재앰플] 메디큐브 PDRN 핑크 펩타이드 앰플 30ml 기획(앰플10ml+수분크림 10ml),수분크림,메디큐브,41,2.682926829268293,22,1,18
oliveyoung,A000000243440,[5월 올영픽/올리브영 단독런칭]리쥬란 힐러 스킨 프로텍션 마스크 10매 기획(+1매),마스크팩,리쥬란,268,4.067164179104478,61,6,201
oliveyoung,A000000243499,[1등 속광 로션/단독 기획] 온그리디언츠 스킨 베리어 카밍 로션 이엑스 220ml 기획 (+80ml),스킨케어,온그리디언츠,308,4.253246753246753,56,10,242
oliveyoung,A000000243502,[3초광 미스트/수분 속광] 온그리디언츠 스킨 베리어 속광 미스트 100ml 기획 (+50ml),미스트,온그리디언츠,279,4.82437275985663,3,5,271
oliveyoung,A000000243677,[재구매율1위/비타민앰플] 피지오겔 사이언수티컬즈 데일리뮨 앰플 20ml+20ml 더블기획,세럼,피지오겔,329,4.23404255319149,55,18,256
oliveyoung,A000000244040,[수분광채/리필증정] 라네즈 워터 슬리핑 마스크 70ml 기획 (+40ml 리필+슬리핑마스크 미니 2종),마스크팩,라네즈,269,4.260223048327138,47,12,210
oliveyoung,A000000244322,[역대급증정/4매입/5종쿨링리프팅] 에스네이처 아쿠아 스쿠알란 수분크림 랩핑마스크 4매 기획 (+발렌 스티커팩),수분크림,에스네이처,314,4.359872611464968,32,38,244
oliveyoung,A000000244349,톡스앤필 앵글 컷 리프팅 패치 5매입,마스크팩,톡스앤필,167,4.952095808383233,0,2,165
oliveyoung,A000000244375,[리뉴얼] 듀이셀 프라이빗케어 마스크 5매 기획 (+1매),마스크팩,듀이셀,239,4.401673640167364,20,26,193
oliveyoung,A000000244392,[1등 초밀착 겔/단독기획] 러븀 겔 마스크 4매 (어린시카/PDRN/그린시트러스/유자),마스크팩,러븀,181,4.87292817679558,4,1,176
oliveyoung,A000000244410,[포켓몬 에디션/5월올영픽] 프리메라 겔마스크 4+1매 기획 3종 택1,스킨케어,프리메라,239,4.514644351464435,53,17,269
oliveyoung,A000000244410,[포켓몬 에디션/5월올영픽] 프리메라 비타티놀 세럼 30g 1+1 / 겔마스크 4+1매 기획 3종 택1,세럼,프리메라,100,3.68,53,17,269
oliveyoung,A000000244413,[포켓몬 에디션/5월올영픽/톤업광채] 프리메라 PDRN-나이아10 세럼 메가-샷 겔마스크 4+1매 기획/단품,세럼,프리메라,58,4.913793103448276,0,0,58
oliveyoung,A000000244479,랑벨 내츄럴 딥 클렌징 오일 205ml 기획 (+클렌징오일 23ml),클렌징오일,랑벨,183,4.497267759562842,12,11,160
oliveyoung,A000000244488,폰즈 모공 타이트닝 매듭 팩클렌저 150ml,클렌징,폰즈,268,4.615671641791045,11,10,247
oliveyoung,A000000244705,[총10매] 메디큐브 PDRN 핑크 펩타이드 앰플 마스크 10매,세럼,메디큐브,132,4.712121212121212,3,5,124
oliveyoung,A000000244706,[저자극 클렌저] 메이영 비건 모이스트 오일 투 폼 클렌저 195ml,클렌징,메이영,222,4.900900900900901,1,4,217
oliveyoung,A000000244711,[속보습] 라네즈 크림스킨 밀키 하이드레이션 마스크 5+1매 기획,마스크팩,라네즈,136,4.764705882352941,4,2,130
oliveyoung,A000000244733,퐁당 포어 딥 클린 버블 클렌저 145g 단품/기획,클렌징,퐁당,290,4.86896551724138,1,3,286
oliveyoung,A000000244756,[1+1기획/산뜻모공] 뉴트로지나 딥클린 클렌징 오일 200ml,클렌징오일,뉴트로지나,187,4.267379679144385,20,24,143
oliveyoung,A000000244763,[1+1/트러블예방/여드름기능성] 뉴트로지나 아크네 포밍 클렌저 150g 더블기획,클렌징,뉴트로지나,203,4.694581280788177,9,10,184
oliveyoung,A000000244783,[1등 클렌징밤] 바닐라코 클린잇제로 클렌징밤 100ml 더블 기획,클렌징,바닐라코,210,4.785714285714286,8,2,200
oliveyoung,A000000244987,[장도연 PICK/1+1] 메디힐 마데카소사이드 흔적 리페어 더마크림 50+50ml 더블 기획,스킨케어,메디힐,304,4.1118421052631575,68,1,235
oliveyoung,A000000245046,에스트라 아토베리어365 클렌징폼 200ml,클렌징폼,에스트라,98,4.663265306122449,3,4,91
oliveyoung,A000000245087,[장원영PICK] 닥터엘시아 345 릴리프 크림 50ml 기획 (+10ml*2ea+튜브링거),스킨케어,닥터엘시아,262,4.244274809160306,30,37,195
oliveyoung,A000000245091,에스트라 아토베리어365 세라-히알 속수분 앰플 30ml+30ml 리필 기획,세럼,에스트라,276,4.467391304347826,25,18,233
oliveyoung,A000000245096,에스트라 아토베리어365 포밍 클렌저 150ml,클렌징,에스트라,231,4.636363636363637,3,11,217
oliveyoung,A000000245129,7일특가[파데프리/톤업선쿠션]체이싱래빗 올어바웃 글로우 커버 선쿠션 15g(단품/핑거퍼프 증정기획),선크림,체이싱래빗,241,4.0995850622406635,48,10,183
oliveyoung,A000000245446,[망곰굿즈증정] 비플레인 녹두 약산성 클렌징폼 160ml 더블 기획 (+동전지갑),클렌징폼,비플레인,346,3.930635838150289,89,1,256
oliveyoung,A000000245469,바이오더마 센시비오 미셀라 클렌징 오일 300ml 기획 (+실리콘 클렌징 패드),클렌징오일,바이오더마,182,4.428571428571429,11,9,162
oliveyoung,A000000245640,[NCT재민 PICK] 이즈앤트리 참마 비건 밀크 클렌저 220ml 리필기획(+리필 200ml+클렌징폼 30ml),클렌징폼,이즈앤트리,311,4.045016077170418,68,4,239
oliveyoung,A000000245680,[망곰 콜라보] 넘버즈인 3번 도자기결 파데스킵 톤업베이지 50ml 기획 (+35ml+스패츌라),선크림,넘버즈인,261,3.78544061302682,72,7,182
oliveyoung,A000000245794,[화잘먹/단독기획]폴라초이스 바하 리퀴드 엑스폴리언트 118ml 기획 (+바하 리퀴드 30ml),스킨케어,폴라초이스,237,4.670886075949367,9,8,220
oliveyoung,A000000245944,[미백&주름개선/사과패드] 파믹 애플타치온 토닝 토너 패드 60매,토너,파믹,177,4.971751412429379,0,0,177
oliveyoung,A000000246223,[7일특가/리뷰이벤트] 더마젼시 제로카 81 세럼 30ml,세럼,더마젼시,163,4.8343558282208585,5,1,157
oliveyoung,A000000246235,[NEW/지성화잘먹] 마몽드 포어 컨트롤 피어니 리퀴드 마스크 80ml 기획 (+로즈 리퀴드 마스크15ml),마스크팩,마몽드,146,3.8972602739726026,21,41,84
oliveyoung,A000000246270,[3초완성/화잘먹] 아로셀 슈퍼 콜라겐 버블 세럼 마스크 (90회분),세럼,아로셀,224,4.633928571428571,8,7,209
oliveyoung,A000000246297,[곽민경PICK] 코페르 큐리페어 멜라크림 21ml 기획 (+4ml),스킨케어,코페르,280,4.739285714285714,3,8,269
oliveyoung,A000000246781,[더블기획/트러블쏙] 라운드랩 소나무 진정 시카 앰플 30ml 리필기획 (+30ml 리필+마스크+스티커 모음),세럼,라운드랩,329,3.872340425531915,87,1,241
oliveyoung,A000000246897,"[1+1/핑구키링증정] 마미케어 바다포도 레티놀 모공앰플 50ml 리필기획(+핑구,핑가 키링 랜덤증정)",세럼,마미케어,234,4.478632478632479,10,19,205
oliveyoung,A000000247215,바이오더마 센시비오 H2O 500ml,클렌징,바이오더마,171,4.742690058479532,2,2,167
oliveyoung,A000000247241,[1+1/보송톤업] 이니스프리 데일리 유브이 톤업 노세범 선크림 50ml 더블 기획,선크림,이니스프리,244,4.668032786885246,12,9,223
oliveyoung,A000000247565,[포켓몬 에디션/5월올영픽/붓기완화] 프리메라 워터리 에이치씨 디퍼프 메가-샷 겔마스크 4+1매 기획/단품,마스크팩,프리메라,68,4.867647058823529,0,0,68
oliveyoung,A000000247573,"[5월올영픽] [스킨부스팅/윤곽관리] 메디큐브 에이지알 부스터 브이롤러 한정기획 (+미니플러스, 브이롤러헤드)",스킨케어,메디큐브 에이지알,114,4.482456140350878,7,6,101
oliveyoung,A000000247698,라로슈포제 유비데아 안뗄리오스 톤업 클리어 30ml 기획 (+3ml*3),선크림,라로슈포제,240,4.4875,14,17,209
oliveyoung,A000000247719,[포켓몬에디션/촉촉물먹선]브링그린 징크테카 파이토 선 젤 50ml(+선젤20ml),선크림,브링그린,135,4.7555555555555555,2,1,132
oliveyoung,A000000247726,[한정기획] 메이크프렘 인테카 수딩크림 70ml 기획 (+크림 31ml*2+NMN 앰플 7ml),세럼,메이크프렘,326,4.012269938650307,77,1,248
oliveyoung,A000000247773,[6월 올영픽/한정기획] 아누아 피디알엔 히알루론산 수분 캡슐 미스트 100ml 2입 기획,미스트,아누아,135,4.296296296296297,20,2,113
oliveyoung,A000000247776,"[NCT 재민PICK] 이즈앤트리 어니언 뉴페어 겔크림 플러스 50ml 기획 (+겔크림 플러스 20ml, 패드 2매)",스킨케어,이즈앤트리,243,4.242798353909465,21,42,180
oliveyoung,A000000247819,[1+1특가/한정기획] 바이오던스 바이오 콜라겐 겔 토너 패드 60매 2입 기획,토너,바이오던스,130,4.6923076923076925,5,6,119
oliveyoung,A000000247859,[성한빈 PICK] 원더바스 레몬청 팩클렌저 200ml 기획 (+50ml),클렌징,조성아뷰티,174,4.971264367816092,0,0,174
oliveyoung,A000000247874,[매끈밀착썬]셀퓨전씨 레이저 UV 썬스크린 35ml 기획 (+20ml),선크림,셀퓨전씨,141,3.7375886524822697,42,1,98
oliveyoung,A000000247905,샤르드 멜라케어 필크림 필오프 마스크팩 50ml,마스크팩,샤르드,92,4.630434782608695,8,0,84
oliveyoung,A000000248024,이노마 마켓[파데프리/톤업선크림] NEW 체이싱래빗 올어바웃 블러 퍼플 커버선크림 기획 35g(+팡팡퍼프 증정),선크림,체이싱래빗,303,4.013201320132013,74,4,225
oliveyoung,A000000248048,[미백잡티/다크서클개선] 마녀공장 글루타치온 7 다크스팟 세럼 패치 30매,세럼,마녀공장,224,4.660714285714286,10,15,199
oliveyoung,A000000248098,[망곰 콜라보/1+1한정] 스킨푸드 캐롯 카로틴 카밍 워터 패드 60매 더블기획 (+망곰 얼굴 파우치),마스크팩,스킨푸드,364,3.8763736263736264,98,1,265
oliveyoung,A000000248100,[단독기획/1+1/속촉촉 수분쌀뜨물폼] 에스네이처 아쿠아 라이스 약산성 클렌징폼 160ml 더블기획,클렌징폼,에스네이처,18,5.0,0,0,18
oliveyoung,A000000248200,[5월 올영픽/2700만개 판매] 유세린 하이알루론 3X 나이트크림 50ml 기획 (+나이트크림7ml*2),나이트크림,유세린,254,4.330708661417323,38,1,215
oliveyoung,A000000248205,아비브 패드 4종 택 1(어성초/수분초/글루타치온좀/LHA),마스크팩,아비브,184,4.271739130434782,31,1,152
oliveyoung,A000000248226,[1+1/파데프리톤업] 아비브 글루타치온좀 CC 선크림 토닝 튜브 50ml 더블 기획,선크림,아비브,276,4.427536231884058,26,26,224
oliveyoung,A000000248280,[아시아No.1선크림] 아넷사 퍼펙트 UV 선스크린 스킨케어 밀크 60ML 기획세트,선크림,아넷사,132,4.757575757575758,0,3,129
oliveyoung,A000000248305,[NEW] 라로슈포제 안뗄리오스 선 플루이드 50ml,선크림,라로슈포제,32,4.59375,2,0,30
oliveyoung,A000000248312,"[포켓몬 에디션] 토리든 밸런스풀 포맨 시카 오일 컨트롤 선스틱 20g 기획(+이상해씨 러기지택, 올인원 20g)",선크림,토리든,90,4.9,0,0,90
oliveyoung,A000000248339,[NEW/한정기획] 폰즈 립&아이리무버 300ml 기획 (+50ML 리무버 +15ML 팩클렌저 증정),클렌징,폰즈,246,4.7073170731707314,2,1,243
oliveyoung,A000000248397,[수지pick]아누아 패드 4종 단품(어성초/피디알엔/카테킨/TXA),마스크팩,아누아,134,4.701492537313433,3,3,128
oliveyoung,A000000248498,[NEW/리뉴얼] 아누아 어성초 77 히알루론산 수분 진정 토너 350ml 리필 기획세트 (+350ml 리필팩),토너,아누아,244,4.610655737704918,15,7,222
oliveyoung,A000000248589,[화잘먹] 톤28 해남404 글로우 크림앤세럼 50ml,세럼,톤28,257,4.782101167315175,0,3,254
oliveyoung,A000000248590,[NEW/톤보정] 헤라 UV프로텍터 6종 기획/단품,선크림,헤라,107,4.710280373831775,6,1,100
oliveyoung,A000000248619,[리뉴얼/밀착커버] 달바 내추럴 커버 베이지 선크림 50ml (라이트/웜),선크림,달바,217,4.304147465437788,32,7,178
oliveyoung,A000000248626,[고밀도효소거품] 브링그린 티트리 시카 딥클렌징폼 기획 (단품/ 더블/ 대용량),클렌징폼,브링그린,263,4.307984790874524,40,12,211
oliveyoung,A000000248743,[5/27 하루특가/산뜻보송] 듀이트리 AC 딥 카밍 포어 선스틱 20g,선크림,듀이트리,169,4.840236686390533,1,2,166
oliveyoung,A000000248755,[덱스PICK/러너 필수템] 오브제 액티브 스웨트프루프 선스틱 18g,선크림,오브제,208,4.9375,2,0,206
oliveyoung,A000000248771,[포켓몬에디션/5월 올영픽] 아이디얼포맨 프레시 오일 컷 선스틱 단품/기획(+쿨링패치 4매),선크림,아이디얼포맨,170,4.91764705882353,0,0,170
oliveyoung,A000000248772,[UV차단+스킨케어] 아이디얼포맨 프레시 선 올인원,선크림,아이디얼포맨,92,4.913043478260869,0,0,92
oliveyoung,A000000248777,[리뉴얼/밀착보송] 듀이트리 어반쉐이드 안티폴루션 톤업 선 50ml 더블 기획,선크림,듀이트리,238,4.235294117647059,32,19,187
oliveyoung,A000000248797,[1등 홈경락템] 마미케어 EMS 브이쎄라 (3 COLOR),스킨케어,마미케어,305,4.222950819672131,40,32,233
oliveyoung,A000000248798,[광채개선] 마미케어 펜타프라임 5종 중 택 1 (기획/단품),스킨케어,마미케어,167,4.6946107784431135,4,6,157
oliveyoung,A000000248823,[100% 리뷰이벤트] 웰라쥬 리얼 히알루로닉 수딩 크림 80ml,스킨케어,웰라쥬,241,4.8796680497925315,0,1,240
oliveyoung,A000000248826,[5/15 하루특가/여배우광채크림] 메디큐브 PDRN 핑크 콜라겐 캡슐크림 55g 기획 (+4.5g*2ea),스킨케어,메디큐브,260,4.4192307692307695,6,28,226
oliveyoung,A000000248829,[트러블 스케일링] 이옴 트러블 패치 마스크 3매,마스크팩,이옴,309,3.8770226537216828,88,13,208
oliveyoung,A000000248847,[포켓몬 에디션]비레디 오일캡처 올인원 로션 기획(+피카츄 스트레스볼),스킨케어,비레디,276,4.86231884057971,1,0,275
oliveyoung,A000000248965,[포켓몬 에디션/5월올영픽] 프리메라 메가-샷 겔마스크 3종 4+1매 기획/단품 (비타티놀/PDRN/워터리),마스크팩,프리메라,342,4.271929824561403,27,65,250
oliveyoung,A000000249211,[조슈아PICK/1+1] 리얼베리어 익스트림 크림 70ml 1+1 기획,스킨케어,리얼베리어,314,4.264331210191083,60,3,251
oliveyoung,A000000249348,[7+1매] 바이오던스 리얼 딥 마스크 7+1매 기획 (콜라겐/세라놀/씨켈프),마스크팩,바이오던스,321,3.8878504672897196,85,3,233
oliveyoung,A000000249450,[사나PICK]비오레 UV 아쿠아 리치 아쿠아 프로텍트 미스트 60ml,미스트,비오레,148,4.79054054054054,5,2,141
oliveyoung,A000000249451,[사나PICK]비오레 UV 아쿠아 리치 워터리 에센스 50g 단품/더블기획,선크림,비오레,204,4.823529411764706,0,4,200
oliveyoung,A000000249471,[NEW/대용량] 식물나라 워터프루프 선 스틱 30g 단품/1+1 기획,선크림,식물나라,101,4.891089108910891,0,2,99
oliveyoung,A000000249535,[앰플37G/5+1매] 노프랍 하이드로겔 마스크팩 5+1매 기획 3종 (콜라겐/수분/모공),마스크팩,노프랍,266,4.176691729323308,54,7,205
oliveyoung,A000000249580,[트러블 피부 추천/약산성 장벽 케어] 제로이드 핌프로브 레드 컨트롤 크림 pH4 80ml,스킨케어,제로이드,255,4.780392156862745,4,4,247
oliveyoung,A000000249581,[트러블 피부 추천/저자극 각질 케어] 제로이드 핌프로브 토너 200ml,토너,제로이드,153,4.882352941176471,1,2,150
oliveyoung,A000000249582,[트러블 피부 추천/붉은기 진정 앰플] 제로이드 핌프로브 카밍 앰플 30ml,세럼,제로이드,145,4.875862068965517,1,1,143
oliveyoung,A000000249583,[트러블 피부 추천/여드름균 항균 클렌징] 제로이드 핌프로브 젤 클렌저 180ml,클렌징,제로이드,121,4.933884297520661,0,1,120
oliveyoung,A000000249649,[멜라닌양개선] 동아제약 색소침착 프로 크림제 40ml,스킨케어,동아제약,255,4.6117647058823525,9,10,236
oliveyoung,A000000249659,[1등/손상장벽MD] 동국제약 마데카셀 베리어 엠디 크림 70g,스킨케어,동국제약,205,4.853658536585366,4,1,200
oliveyoung,A000000249683,[4월 한정/선스틱 증정] 라운드랩 자작나무 수분 톤업 선크림 50ml 1+1 기획 (+소나무 선스틱 10g),선크림,라운드랩,261,3.992337164750958,61,5,195
oliveyoung,A000000249757,[NEW]이니스프리 데일리 유브이 노세범 선파우더 4g 기획(+퍼프1ea),선크림,이니스프리,229,4.585152838427947,14,13,202
oliveyoung,A000000249777,[NCT 재민PICK] 이즈앤트리 어니언 뉴페어 겔크림 플러스 50ml 더블 기획 (+20ml),스킨케어,이즈앤트리,74,4.675675675675675,4,2,68
oliveyoung,A000000249797,[말끔모공] 비플레인 녹두 약산성 클렌징폼 160ml 더블 기획,클렌징폼,비플레인,157,4.547770700636943,12,7,138
oliveyoung,A000000249798,[대용량] 비플레인 녹두 모공 클레이 팩 200ml 기획 (+실리콘 브러쉬),마스크팩,비플레인,312,3.9551282051282053,79,1,232
oliveyoung,A000000249800,[녹두폼증정] 비플레인 녹두 클렌징오일 200ml 더블 기획 (+클렌징폼 20ml),클렌징오일,비플레인,295,4.030508474576271,73,3,219
oliveyoung,A000000249802,[총110ml] 비플레인 녹두 쿨링 수분 선크림 50ml 1+1 기획 (+10ml),선크림,비플레인,309,4.2459546925566345,58,2,249
oliveyoung,A000000249961,[NEW/파리의금손 Pick]하우스오브비 PDRN 페이스 필름 4매입,마스크팩,하우스오브비,223,4.923766816143497,2,2,219
oliveyoung,A000000250048,[NEW/키링증정] 토코보 미니 선스틱 11g 기획 3종 SPF50+ PA++++,선크림,토코보,258,4.728682170542636,3,2,253
oliveyoung,A000000250102,라로슈포제 에빠끌라 딥 클렌징 포밍 크림 125ml 2입 기획 (+50ml),클렌징,라로슈포제,253,4.434782608695652,28,14,211
oliveyoung,A000000250129,AHC 마스터즈 톤업 선세럼 50ml 더블 기획,세럼,AHC,186,4.838709677419355,2,2,182
oliveyoung,A000000250142,[본품 50%용량 추가 증정] 라로슈포제 에빠끌라 세럼 30ml 기획(+에빠세럼 3ml*5),세럼,라로슈포제,252,4.277777777777778,31,26,195
oliveyoung,A000000250199,[한정기획] 셀리맥스 더 비타 A 레티날 샷 타이트닝 부스터 15ml 기획 (+3ml),스킨케어,셀리맥스,338,4.514792899408284,16,18,304
oliveyoung,A000000250210,AHC 마스터즈 아이시 젤리 선스틱 14g,선크림,AHC,272,4.768382352941177,2,3,267
oliveyoung,A000000250214,[슈링크홈디바이스] 바이오힐보 프로바이오덤 콜라겐 세럼 30ml 기획,세럼,바이오힐보,217,4.488479262672811,8,20,189
oliveyoung,A000000250225,[5월 올영픽/화잘먹부스팅템] 세포랩 바이오제닉 에센스 블렌디드 포뮬라 50% (100ml/30ml),스킨케어,세포랩,188,4.861702127659575,1,1,186
oliveyoung,A000000250253,[NEW한정기획] 아이소이 브라이트닝 카밍 스팟 세럼 총 70ml 대용량 리필 기획,세럼,아이소이,333,4.315315315315315,36,44,253
oliveyoung,A000000250344,[자극도ZERO]아이오페 레티놀 슈퍼 바운스 세럼 20ml 기획 (+15ml),세럼,아이오페,286,4.433566433566433,26,23,237
oliveyoung,A000000250474,[역대급증정/1+1/1등 모공 수분천재크림] 에스네이처 아쿠아 스쿠알란 수분크림 60ml 더블기획 (+발렌 파우치키링),수분크림,에스네이처,343,3.8309037900874636,93,4,246
oliveyoung,A000000250476,[역대급증정/1+1/1등 화잘먹 수분 세럼] 에스네이처 아쿠아 스쿠알란 세럼 50ml 리필기획(+50ml리필+하트거울),세럼,에스네이처,290,4.106896551724138,57,14,219
oliveyoung,A000000250485,[올영단독] [NEW] 에스트라 에이시카365 수딩 리페어 마스크 pH4.5 5매 기획,마스크팩,에스트라,262,4.679389312977099,4,8,250
oliveyoung,A000000250666,[1+1] 한율 쑥히알 세럼 40ml 드롭드롭드롭 콜라보 기획 (+40ml 리필+딜리백 키링),세럼,한율,294,4.391156462585034,40,14,240
oliveyoung,A000000250667,[1+1] 한율 쑥히알 크림 60ml 기획 (+62ml),스킨케어,한율,267,4.411985018726591,25,23,219
oliveyoung,A000000250764,[역대급증정/자극제로/쌀뜨물클렌징밀크] 에스네이처 아쿠아 라이스 클렌징밀크 280ml 기획(+리필100ml+모공브러쉬),클렌징,에스네이처,259,4.366795366795367,26,32,201
oliveyoung,A000000250767,[파데프리] 넘버즈인 3번 도자기결 톤업베이지 선크림 50ml 기획 2종 (블러/글로우),선크림,넘버즈인,249,4.36144578313253,31,15,203
oliveyoung,A000000250772,[화잘먹] 넘버즈인 3번 모공제로 화잘먹 패드 70매 기획 (+패드 6매+마스크팩 1매),마스크팩,넘버즈인,233,4.570815450643777,15,10,208
oliveyoung,A000000250773,[화잘먹] 넘버즈인 3번 보들보들 모공결 세럼 30ml 더블 기획,세럼,넘버즈인,333,4.24024024024024,44,40,249
oliveyoung,A000000250859,[리락쿠마 콜라보/진정1등] 클레어스 블루 유스 액티베이팅 드롭 50ml 한정기획 (+리락쿠마 파우치),스킨케어,디어클레어스,313,4.169329073482428,50,28,235
oliveyoung,A000000250980,[세럼클렌저] 넘버즈인 3번 보들보들 모공결 클렌징 오일 200ml,클렌징오일,넘버즈인,246,4.760162601626016,4,4,238
oliveyoung,A000000251033,[NEW/쿨링&차단] 라운드랩 자작나무 수분 선 스프레이 100ml 1+1 기획,선크림,라운드랩,93,4.763440860215054,1,3,89
oliveyoung,A000000251116,[모공딥톡스/트러블케어] 뉴트로지나 딥클린 아크네 포밍 클렌저 100g 1+1 기획 (+10g*2개),클렌징,뉴트로지나,213,4.525821596244131,8,19,186
oliveyoung,A000000251229,바이오더마 하이드라비오 에센스로션 200ml 기획 (+스트레치 화장솜),스킨케어,바이오더마,244,4.331967213114754,33,2,209
oliveyoung,A000000251274,[손상/장벽 리페어] 아벤느 시칼파트 플러스 S.O.S 크림 100ml 2입 기획(딥모100ml+헤어핀),스킨케어,아벤느,227,4.215859030837004,32,22,173
oliveyoung,A000000251277,[1등 미스트] 아벤느 오 떼르말 300ml 3입 기획,미스트,아벤느,308,4.321428571428571,52,0,256
oliveyoung,A000000251313,비건이펙트 청보리 라하 젤 클렌저 205ml 기획 (+클렌징오일 20g),클렌징오일,비건이펙트,285,4.343859649122807,45,15,225
oliveyoung,A000000251318,[화잘먹/속광부스터] 샤이샤이샤이 리페어 밀키 우레아 글로우 버블 세럼 110ml 기획 (+ 밀키크림 15ml),세럼,샤이샤이샤이,254,4.570866141732283,13,7,234
oliveyoung,A000000251339,[모공흡착/결광케어] 아렌시아 찹쌀떡솝 클렌저 150g 3종 (그린티/라이스/라벤더),클렌징,아렌시아,155,4.503225806451613,6,16,133
oliveyoung,A000000251494,도미나스 크림 Rx 30ml 기획 (+7ml),스킨케어,도미나스,246,4.776422764227642,0,6,240
oliveyoung,A000000251742,[여단오PICK/스페셜증정] 바이오던스 콜라겐 펩타이드 젤리 세럼 미스트 50ml 기획 (+콜라겐 겔 패드 10매),세럼,바이오던스,349,4.518624641833811,13,22,314
oliveyoung,A000000251762,[포켓몬 에디션] 비레디 아웃런 선스틱 (+피카츄 기름종이),선크림,비레디,193,4.94300518134715,0,0,193
oliveyoung,A000000251852,[NEW] 메디힐 PDRN 수분 선세럼 매끈 톤업 50g,세럼,메디힐,119,4.92436974789916,2,0,117
oliveyoung,A000000251860,[촉촉산뜻/저자극클렌징] 프리메이 리얼 딥 클렌징오일 200ml,클렌징오일,프리메이,122,4.983606557377049,0,0,122
oliveyoung,A000000251937,[최저가마켓/30ml추가증정] 세타필 시카 세라 장벽 크림 45ml (+20ml 증정 기획),스킨케어,세타필,217,4.806451612903226,2,3,212
oliveyoung,A000000251952,[10ml 추가증정]메노킨 30초 글로우 앤 클리어 젤 선크림 50ml 6종택1,선크림,메노킨,106,4.811320754716981,4,1,101
oliveyoung,A000000252000,[리뉴얼/원조패드]코스알엑스 원스텝 패드 100매 4종 중 택1,마스크팩,코스알엑스,247,4.7408906882591095,7,3,237
oliveyoung,A000000252191,[5월 올영픽/10년연속1위] 유세린 하이알루론 3X 아이크림 15ml 기획 (+나이트크림 20ml+화장솜),나이트크림,유세린,262,4.286259541984733,35,10,217
oliveyoung,A000000252193,[5월 올영픽/1등 세럼] 유세린 하이알루론 에피셀린 세럼 30ml 기획 (+에피셀린 세럼 7ml*2),세럼,유세린,255,4.474509803921569,15,16,224
oliveyoung,A000000252256,[리뉴얼/쫀광효과UP] 아로셀 슈퍼 콜라겐 마스크 2.0 ECM Active 3+1매 기획,마스크팩,아로셀,275,4.92,0,1,274
oliveyoung,A000000252728,[포켓몬에디션] 브링그린 징크테카 파이토 선 2종 (수분 선 젤+포켓몬키캡키링/ BB선+이브이미니쿠션),쿠션팩트,브링그린,71,4.549295774647887,3,2,66
oliveyoung,A000000252735,[5/27 하루특가/5월 올영픽]에스테덤 셀룰러워터 에센스 125ml 기획 (+버블 펌프 50ml),스킨케어,에스테덤,274,4.791970802919708,3,5,266
oliveyoung,A000000252908,[KBO 콜라보 손목밴드 증정] 메디힐 마데카소사이드 흔적 리페어 세럼 40+40ml 기획,세럼,메디힐,358,3.958100558659218,91,1,266
oliveyoung,A000000252915,[1등패드/KBO 선수 키링 증정] 메디힐 네모패드 더블기획 7종 골라담기(KBO 기획 3종 + 일반 4종),마스크팩,메디힐,348,3.9367816091954024,88,0,260
oliveyoung,A000000252917,[온라인단독] 라로슈포제 시카플라스트 밤 B5+& 멀티리페어 크림 B5 100ml 기획 (+시카에센스 7.5ml*2),스킨케어,라로슈포제,264,3.715909090909091,80,2,182
oliveyoung,A000000252921,[KBO 선수 키링 랜덤 증정] 메디힐 마데카소사이드 수분 선 세럼 흔적 리페어 50+50g 기획,세럼,메디힐,332,4.3102409638554215,56,7,269
oliveyoung,A000000252923,[야구단 콜라보/2회분]메디힐 마데카소사이드 유브이 컷 아웃도어 선 패치 골라담기,선크림,메디힐,112,4.705357142857143,3,5,104
oliveyoung,A000000252924,NEW 라로슈포제 안뗄리오스 선 플루이드 50ml 기획 (+Crush 양말),선크림,라로슈포제,188,4.664893617021277,7,5,176
oliveyoung,A000000252925,[KBO 콜라보 파우치 증정] 메디힐 마데카소사이드 선스틱 에어리 핏 10+10g 기획,선크림,메디힐,175,4.7942857142857145,1,5,169
oliveyoung,A000000252975,[5월 올영픽/물방울초음파 1등 디바이스] 톰 더 글로우 시그니처 기획세트 (크림베이지/누디핑크),스킨케어,톰,180,4.65,8,3,169
oliveyoung,A000000253115,[NEW/한정기획]센카 퍼펙트 휩 콜라겐 인 120g 더블기획 (+퍼펙트휩15g+퍼펙트휩 비타 15g),클렌징,센카,113,4.9734513274336285,0,0,113
oliveyoung,A000000253116,[NEW/한정기획] 센카 퍼펙트 휩 페이셜 워시 120g 더블기획 (+파우치),클렌징,센카,189,4.962962962962963,0,0,189
oliveyoung,A000000253295,[구매인증이벤트/수분촉촉선] 닥터지 스킨부스트 PDRN 선세럼 50ml 기획 (+10ml),세럼,닥터지,261,4.252873563218391,38,19,204
oliveyoung,A000000253334,[포켓몬 에디션] 닥터지 그린마일드 업 선 플러스 40ml 트리플 기획,선크림,닥터지,289,4.228373702422146,59,1,229
oliveyoung,A000000253335,[포켓몬 에디션] 닥터지 브라이트닝 업 선 플러스 50ml 1+1 기획 (+10ml+UV치크 5ml),선크림,닥터지,274,4.5036496350364965,25,16,233
oliveyoung,A000000253337,[포켓몬 에디션] 닥터지 레드 블레미쉬 수딩 업 선 50ml 1+1 기획 (+꼬부기 미니거울),선크림,닥터지,281,4.149466192170818,55,10,216
oliveyoung,A000000253342,블랑네이처 9배 어성초 버블 클렌징 밀크 150ml 단품/기획,클렌징,블랑네이처,239,4.640167364016737,12,6,221
oliveyoung,A000000253382,[5월올영픽/포켓몬 에디션] 닥터지 레드 블레미쉬 쿨 수딩 마스크 5매 한정 기획 (4+1매),마스크팩,닥터지,277,4.23826714801444,57,0,220
oliveyoung,A000000253383,[5월올영픽/포켓몬 에디션] 닥터지 레드블레미쉬 클리어 히알 시카 수딩 세럼 50ml 기획 (리필50ml+꼬부기파우치),세럼,닥터지,266,4.2556390977443606,30,41,195
oliveyoung,A000000253384,[5월올영픽/포켓몬 에디션] 닥터지 레드블레미쉬 클리어 수딩크림EX 70ml1+1기획 (+미스트 50ml+꼬부기메쉬백),미스트,닥터지,278,4.4640287769784175,23,7,248
oliveyoung,A000000253592,셀리맥스 브라이트닝 모공잡티크림 35ml 기획 (+7ml*2),스킨케어,셀리맥스,265,4.886792452830188,0,3,262
oliveyoung,A000000253617,[포켓몬에디션/블랙헤드1등] 마녀공장 퓨어 소이빈 클렌징오일 200ml 2입 기획 (+미니백 키링),클렌징오일,마녀공장,360,4.052777777777778,82,2,276
oliveyoung,A000000253618,[포켓몬에디션/민감피부추천] 마녀공장 퓨어 소이빈 클렌징밀크 200ml 리필 기획 (+리필 200ml+미니백 키링),클렌징,마녀공장,322,4.381987577639752,48,8,266
oliveyoung,A000000253619,[포켓몬에디션/마이크로버블] 마녀공장 퓨어 소이빈 클렌징폼 120ml 2입 기획 (+스티커),클렌징폼,마녀공장,352,3.9886363636363638,85,1,266
oliveyoung,A000000253623,[1등 진정] 센텔리안24 마데카 크림 타임 리버스 50ml 더블기획 (+15ml*2ea+푸린 피크닉매트 포켓몬),스킨케어,센텔리안24,310,4.577419354838709,17,11,282
oliveyoung,A000000253644,[보송/모공블러] 닥터자르트 에브리 선데이 울트라 쉬어 프라이밍 선스틱 단품 / 더블 기획,선크림,닥터자르트,142,4.922535211267606,0,0,142
oliveyoung,A000000253647,[단독선런칭/고민영 PICK] 스킨푸드 당근 PDRN 속수분 패드 100매,마스크팩,스킨푸드,166,4.975903614457831,0,2,164
oliveyoung,A000000253705,[산뜻보송/조앤프렌즈 콜라보] 셀퓨전씨 스틱 썬스크린 100 19g 1+1 기획,선크림,셀퓨전씨,202,3.9653465346534653,48,7,147
oliveyoung,A000000253724,[5월 올영픽][2입 기획] 제로이드 데일리 선크림 기획 (50ml+50ml),선크림,제로이드,196,4.438775510204081,8,15,173
oliveyoung,A000000253725,[5월 올영픽] 제로이드 수딩 로션 160ml 기획 (+크림 25ml+데일리 선크림 10ml),선크림,제로이드,240,4.420833333333333,18,26,196
oliveyoung,A000000253729,[5월 올영픽/글로벌 대란템] 유세린 티아미돌 부스터 세럼 30ml,세럼,유세린,197,4.629441624365482,10,7,180
oliveyoung,A000000253919,쥬베룩 PDLLA 콜라겐 부스팅 마스크 4매,마스크팩,쥬베룩,169,4.988165680473373,0,0,169
oliveyoung,A000000254058,[포켓몬 에디션]VT 리들샷100 에센스 50ml기획 (리들샷300 1ml+PDRN에센스1.5ml+포켓몬아크릴포스트잇),스킨케어,VT,342,3.9298245614035086,89,1,252
oliveyoung,A000000254064,[포켓몬 에디션] VT 리들샷 300 에센스 50ml 기획 (+PDRN 에센스 1.5ml*2+피카츄 러기지택),스킨케어,VT,247,4.315789473684211,31,20,196
oliveyoung,A000000254065,[포켓몬 에디션] VT 피디알엔 에센스 100 30ml 더블 기획 (+포켓몬 장바구니 키링),스킨케어,VT,299,4.521739130434782,23,21,255
oliveyoung,A000000254067,[포켓몬 에디션] VT 피디알엔 캡슐 크림 100 50ml 더블 기획 (+피카츄 파우치 키링),스킨케어,VT,335,4.617910447761194,5,32,298
oliveyoung,A000000254068,[포켓몬 에디션] VT 피디알엔 글로우 앰플 미스트 100ml 더블 기획 (+포켓몬 티 코스터),세럼,VT,349,4.610315186246418,10,12,327
oliveyoung,A000000254070,[포켓몬 에디션] VT 피디알엔 하이드로겔 마스크 4매 기획 (+포켓몬 스티커),마스크팩,VT,238,4.550420168067227,7,21,210
oliveyoung,A000000254111,[1+1/토이 스토리] 이니스프리 비타민C 그린티 엔자임 세럼 30ml 리필 기획 토이 스토리 5 에디션,세럼,이니스프리,283,4.3462897526501765,29,31,223
oliveyoung,A000000254112,[1+1/토이 스토리] 이니스프리 레티놀 시카 흔적 앰플 30ml 리필 기획 토이 스토리 5 에디션,세럼,이니스프리,347,3.919308357348703,89,3,255
oliveyoung,A000000254114,[포켓몬 에디션] AHC 프로샷 아이크림 포페이스 30ml 기획 (+세럼 10ml+피카츄 액정클리너),아이크림,AHC,95,4.978947368421053,0,0,95
oliveyoung,A000000254119,[포켓몬 에디션] AHC 마스터즈 아쿠아 리치 선크림 50ml 1+1 기획 (+피카츄 핀 거울),선크림,AHC,145,4.903448275862069,0,2,143
oliveyoung,A000000254125,[포켓몬 에디션] AHC 마스터즈 에어리치 선스틱 22g 더블 기획 (+포켓몬 미니달력),선크림,AHC,137,4.883211678832117,1,2,134
oliveyoung,A000000254133,[포켓몬 에디션] AHC 마스터즈 아이시 젤리 선스틱 14g 기획 (+피카츄 액정클리너),선크림,AHC,134,4.932835820895522,0,1,133
oliveyoung,A000000254199,[특가/리얼겔패드] NEW 노프랍 하이드로겔 패드 3종 (콜라겐/수분/모공),마스크팩,노프랍,105,4.942857142857143,1,0,104
oliveyoung,A000000254249,[최초구성/케이스증정] 라운드랩 자작나무 수분 패드 80매 더블기획(+패드 케이스 증정),마스크팩,라운드랩,61,4.836065573770492,0,2,59
oliveyoung,A000000254380,SNP 빅 패치 2종 [콜라겐 퍼펙션 / 글루타치온 다크제로] 60매입,마스크팩,SNP,120,4.933333333333334,1,0,119
oliveyoung,A000000254395,[비타캡슐4천샷/기미잡티토닝] 아로셀 멜라 TXA 마스크 3+1매 기획,마스크팩,아로셀,153,4.862745098039215,1,3,149
oliveyoung,A000000254406,NEW[파데프리/톤업선/톤업선크림] 체이싱래빗 올어바웃 글로우 톤업 선 70ml,선크림,체이싱래빗,168,4.934523809523809,2,0,166
oliveyoung,A000000254427,[100만장 판매/단독기획] 프롬리에 EGF 피지팩 하이퍼 액티브 모공 피지 마스크 4+1 증정 기획세트,마스크팩,프롬리에,311,4.057877813504823,67,21,223
oliveyoung,A000000254466,[NEW/단독선런칭] 바이오던스 리포좀 버블 부스터 95ml 2종 택 1 (콜라겐/캐비어 PDRN),마스크팩,바이오던스,267,4.895131086142322,3,2,262
oliveyoung,A000000254492,[NEW/단독선런칭] 바이오던스 아이패치 60매 2종 택 1 (콜라겐/캐비어 PDRN),마스크팩,바이오던스,243,4.983539094650205,0,0,243
oliveyoung,A000000254571,[한정기획/쿨링선스틱] 듀이트리 어반쉐이드 쿨 카밍 선스틱 20g 더블 기획 (+안티폴루션 선 10ml),선크림,듀이트리,252,4.162698412698413,46,11,195
oliveyoung,A000000254577,[NEW/쿨톤보정] 듀이트리 어반 쉐이드 퍼플 톤업 선 50ml 더블 기획,선크림,듀이트리,117,4.965811965811966,0,0,117
oliveyoung,A000000254661,아렌시아 비타민 C 부스터 샷 30ml 더블기획,스킨케어,아렌시아,153,4.96078431372549,1,0,152
oliveyoung,A000000254684,[서예지 PICK/5월 최초구성] 런드리유 카밍 고체 미스트 100+100g 더블 기획,미스트,런드리유,313,4.5718849840255595,17,32,264
oliveyoung,A000000254708,[10분쿨링진정] 닥터자르트 크라이오 소르베 아이시 페이셜 마스크,마스크팩,닥터자르트,132,4.901515151515151,0,0,132
oliveyoung,A000000254709,[1시간팩] 닥터자르트 하이드로 퍼밍 마스크 1매입,마스크팩,닥터자르트,140,4.9071428571428575,0,0,140
oliveyoung,A000000254710,[워터젤리/수분장벽] 닥터자르트 더마스크 하이드라 솔루션 프로 (5매) 2종 택1,마스크팩,닥터자르트,43,4.744186046511628,0,2,41
oliveyoung,A000000254723,아이오페 레티놀 레티젝션 세럼 30ml 기획 (+15ml),세럼,아이오페,260,4.642307692307693,8,10,242
oliveyoung,A000000254726,셀리맥스 브라이트닝 모공잡티 선크림 50ml 더블 기획,선크림,셀리맥스,163,4.58282208588957,9,4,150
oliveyoung,A000000254747,[스테디셀러특가][업그레이드/단독] 에스트라 아토베리어365 하이드로 수딩크림 80ml 기획(토너25ml+클렌징폼30,클렌징폼,에스트라,199,4.236180904522613,31,15,153
oliveyoung,A000000254773,쥬베룩 PDLLA 콜라겐 부스팅 앰플 20g (+프로텍팅 크림 2ml*5EA) (2604),세럼,쥬베룩,104,4.980769230769231,0,0,104
oliveyoung,A000000254908,[NEW] 에스트라 아토베리어365 캡슐 토너 300ml,토너,에스트라,110,4.909090909090909,0,2,108
oliveyoung,A000000255059,[6월올영픽/쿨링진정패드] 빌리프 아쿠아 밤 프로즌 프렙 패드 60매 기획 (+30매 리필 증정),마스크팩,빌리프,133,4.93984962406015,1,0,132
oliveyoung,A000000255068,셀라딕스 세범 리밸런싱 RX 131 앰플 30ml 기획 (+리필 10ml),세럼,셀라딕스,81,4.728395061728395,4,2,75
oliveyoung,A000000255073,[6월올영픽/총5매/수분쿨링] 라운드랩 자작나무 수분 더블 겔 마스크 4매 기획 (+1매),마스크팩,라운드랩,265,4.426415094339623,20,31,214
oliveyoung,A000000255124,[6/1 하루특가/1등썬/1+1] 라운드랩 자작나무 수분 선크림 50ml 1+1 기획 (+여행용 20ml),선크림,라운드랩,213,4.004694835680751,50,1,162
oliveyoung,A000000255125,[6월올영픽/1+1] 라운드랩 자작나무 수분 톤업 선크림 50ml 1+1 기획 (+여행용 20ml),선크림,라운드랩,105,4.828571428571428,1,2,102
oliveyoung,A000000255127,[즉각쿨링] 라운드랩 자작나무 수분 선스틱 19g 더블 기획 (+자작 수분 패드 4매),선크림,라운드랩,73,4.575342465753424,6,0,67
oliveyoung,A000000255135,[6월올영픽/약산성] 라운드랩 1025 독도 클렌저 120ml 더블 기획,클렌징,라운드랩,81,4.802469135802469,1,2,78
oliveyoung,A000000255145,[4종한정기획] 닥터자르트 크라이오 스파 마스크 콜렉션 4매입 (온),마스크팩,닥터자르트,37,4.702702702702703,2,1,34
oliveyoung,A000000255163,[단독선런칭/리뷰이벤트] 라곰 오트 미셀라 클렌징밀크 200ml,클렌징,라곰,141,5.0,0,0,141
oliveyoung,A000000255227,[6월 올영픽] 바이오더마 하이드라비오 에센스로션 200ml 2입 기획 (+미스트펌프 증정),미스트,바이오더마,118,4.805084745762712,2,1,115
oliveyoung,A000000255242,[최초트리플] 라운드랩 소나무 진정 시카 앰플 30ml 트리플 기획,세럼,라운드랩,114,4.885964912280702,0,3,111
oliveyoung,A000000255244,[더블] 라운드랩 자작나무 수분 크림 80ml 더블 기획 (+40ml),수분크림,라운드랩,24,4.875,0,0,24
oliveyoung,A000000255246,[6월올영픽/미스트형] 라운드랩 1025 독도 토너 300ml 1+1 기획 (+늘어나는 스킨패드 30매),토너,라운드랩,52,4.961538461538462,0,0,52
oliveyoung,A000000255324,[6월 올영픽/한정기획] 아누아 피디알엔 히알루론산 캡슐 100 세럼 30ml 더블기획 (+피디알엔 마스크 1매),세럼,아누아,152,4.480263157894737,12,5,135
oliveyoung,A000000255326,[6월 올영픽/한정기획] 아누아 피디알엔 히알루론산 100 수분 크림 60ml 2입 기획 (+피디알엔 토너 40ml),수분크림,아누아,110,4.836363636363636,2,2,106
oliveyoung,A000000255328,[6월 올영픽/한정기획] 아누아 어성초 77 히알루론산 수분 진정 토너 350ml 더블기획 (+어성초 크림 20ml),토너,아누아,131,4.694656488549619,1,2,128
oliveyoung,A000000255385,[6/1 하루특가/올영픽] 메디힐 더마 토너패드 200매 대용량 7종 골라담기 (+휴대용 케이스),토너,메디힐,152,4.8881578947368425,1,1,150
oliveyoung,A000000255386,[생기톤업/촉촉광채] 달바 워터풀 톤업 선크림 65ml + 65ml 대용량 기획세트,선크림,달바,84,4.345238095238095,2,20,62
oliveyoung,A000000255387,"[6/1 하루특가/올영픽] 메디힐 더마 토너패드 200매 대용량(+휴대용 케이스, 드로잉 스티커) [PDRN, 티트리]",토너,메디힐,36,4.722222222222222,1,2,33
oliveyoung,A000000255390,[6월 올영픽/한정기획] 메디힐 마데카소사이드 흔적 리페어 세럼 40+40mL (+랩핑 세럼 마스크 2매),세럼,메디힐,138,4.826086956521739,2,4,132
oliveyoung,A000000255391,[6월 올영픽/한정기획] 메디힐 마데카소사이드 수분 선세럼 흔적 리페어 50+50g (+마데카소사이드 세럼 10ml),세럼,메디힐,127,4.771653543307087,4,1,122
oliveyoung,A000000255444,[업그레이드] 에스트라 아토베리어365 하이드로 수딩크림 80ml,스킨케어,에스트라,136,4.882352941176471,2,1,133
oliveyoung,A000000255472,[1등 진정/하루특가] 센텔리안24 마데카 크림 타임 리버스 50ml 더블기획 (+15ml*2+푸린피크닉매트),스킨케어,센텔리안24,75,4.92,0,1,74
oliveyoung,A000000255579,[신상특가/고민영PICK/리뷰이벤트] 스킨푸드 당근 PDRN 속수분 패드 100매 기획 (+10매*3),마스크팩,스킨푸드,97,4.88659793814433,2,1,94
oliveyoung,A000000255585,[6월 올영픽/1+1/리뷰이벤트] 스킨푸드 캐롯 카로틴 카밍 워터 패드 60매 더블기획 (+PDRN 패드 2매*3),마스크팩,스킨푸드,125,4.824,3,1,121
oliveyoung,A000000255607,[6월올영픽/핑구 콜라보] 셀퓨전씨 포스트 알파 쿨링 마스크 5+3매 기획 2종 (퍼스트 쿨링/시카 쿨링),마스크팩,셀퓨전씨,126,4.817460317460317,4,1,121
oliveyoung,A000000255620,[6/1하루특가/6월올영픽/수분미백]메디큐브 PDRN 핑크 펩타이드 앰플 30ml 리필기획(+리필팩50ml+거울 키링),세럼,메디큐브,119,4.638655462184874,6,6,107
oliveyoung,A000000255622,[짜서쓰는클밤/쫀쫀모공] 네시픽 라이스 펩타 콜라겐 샤베트 클렌징밤 80g,클렌징,네시픽,152,5.0,0,0,152
oliveyoung,A000000255624,[홍이모 PICK]코스알엑스 더 블루 펩타이드 바쿠치올 플럼프 글로우 세럼 50ml,세럼,코스알엑스,162,4.969135802469136,0,1,161
oliveyoung,A000000255680,[6/1 하루특가]메디큐브 PDRN 핑크 콜라겐 젤리 미스트 100ml 더블기획(+한교동 미스트 공병 키링),미스트,메디큐브,117,4.666666666666667,5,1,111
oliveyoung,A000000255682,[6월올영픽/1등모공패드]메디큐브 제로 모공 패드 140매 한교동 리필기획 (본품 70매+리필70매+한교동 헤어핀),마스크팩,메디큐브,98,4.704081632653061,1,7,90
oliveyoung,A000000255685,[6월올영픽/쿨링광채]메디큐브 PDRN 핑크 콜라겐 토닝 겔 토너 패드 80매 한교동 기획 (본품70매+겔패드 10매),토너,메디큐브,99,4.858585858585859,2,2,95
oliveyoung,A000000255701,클레어스 블루 유스 액티베이팅 드롭 50ml 코난 기획 (+명탐정 코난 키링),스킨케어,디어클레어스,68,4.867647058823529,1,1,66
oliveyoung,A000000255721,[NEW] 동아제약 색소침착 프로 크림제 40ml 기획(+5ml*2),스킨케어,동아제약,47,4.74468085106383,2,0,45
oliveyoung,A000000255842,[NEW] 토리든 다이브인 저분자 히알루론산 마스크 10매 기획 (+다이브인 1매+밸런스풀 1매) (2026),마스크팩,토리든,111,4.891891891891892,2,1,108
oliveyoung,A000000255852,[1+1/급속진정 장벽개선] 레이어랩 니오좀 판테놀 5% 세럼 30ml+30ml 더블 기획,세럼,레이어랩,308,4.762987012987013,5,5,298
oliveyoung,A000000255949,헤브블루 살몬 케어링 센텔라 크림 100ml 기획 (+버블 클렌저 30ml),스킨케어,헤브블루,108,4.962962962962963,0,0,108
oliveyoung,A000000255984,[6월 올영픽][여드름균 항균]제로이드 핌프로브 젤 클렌저 180ml 기획 (+ 핌프로브 크림 10ml),클렌징,제로이드,17,4.647058823529412,1,0,16
oliveyoung,A000000255989,[스테디셀러특가/역대급용량] 에스네이처 아쿠아 스쿠알란 수분크림 60ml 더블기획 (+수분크림 10ml),수분크림,에스네이처,249,4.309236947791165,40,0,209
oliveyoung,A000000256046,[NEW/한정기획] 토리든 다이브인 저분자 히알루론산 클렌징폼 150ml 더블기획 (+클렌징밀크 55ml),클렌징폼,토리든,105,4.904761904761905,0,1,104
oliveyoung,A000000256047,[NEW/6월올영픽]토리든 다이브인 저분자 히알루론산 세럼 50ml 더블 기획 (밸풀 세럼 20ml+선크림 20ml),선크림,토리든,175,4.885714285714286,3,0,172
oliveyoung,A000000256108,[세일특가/신제품증정] 바이오던스 리얼 딥 마스크 7매 기획(콜라겐/세라놀) (+캐비어 PDRN 듀얼 겔 패드 10매),마스크팩,바이오던스,126,4.777777777777778,2,7,117
oliveyoung,A000000256802,[카니PICK/속수분크림] 웰라쥬 리얼 히알루로닉 수딩 크림 80ml 기획(+20ml),수분크림,웰라쥬,99,4.9393939393939394,0,0,99
oliveyoung,A000000257072,[NEW/화잘먹] 넘버즈인 3번 매끈결 PHA 프렙 버블팩 90ml,마스크팩,넘버즈인,114,4.991228070175438,0,0,114
oliveyoung,A000000257097,[파데프리] 넘버즈인 3번 도자기결 톤업베이지 선크림 50ml 더블기획 2종 (블러/글로우),선크림,넘버즈인,123,4.373983739837398,16,4,103
oliveyoung,A000000257373,[트러블OUT세럼] 더마젼시 제로카 81 세럼 30ml 더블기획,세럼,더마젼시,139,4.985611510791367,0,0,139
